--
-- PostgreSQL database dump
--

-- Dumped from database version 11.19
-- Dumped by pg_dump version 11.19

SET statement_timeout = 0;
SET lock_timeout = 0;
SET idle_in_transaction_session_timeout = 0;
SET client_encoding = 'UTF8';
SET standard_conforming_strings = on;
SELECT pg_catalog.set_config('search_path', '', false);
SET check_function_bodies = false;
SET xmloption = content;
SET client_min_messages = warning;
SET row_security = off;

--
-- Data for Name: auth_group; Type: TABLE DATA; Schema: public; Owner: nouvelles
--

COPY public.auth_group (id, name) FROM stdin;
\.


--
-- Data for Name: django_content_type; Type: TABLE DATA; Schema: public; Owner: nouvelles
--

COPY public.django_content_type (id, app_label, model) FROM stdin;
1	lexiconItems	lexiconitem
2	novellas	tag
3	novellas	novella
4	characters	character
5	admin	logentry
6	auth	permission
7	auth	group
8	auth	user
9	contenttypes	contenttype
10	sessions	session
11	sites	site
\.


--
-- Data for Name: auth_permission; Type: TABLE DATA; Schema: public; Owner: nouvelles
--

COPY public.auth_permission (id, name, content_type_id, codename) FROM stdin;
1	Can add lexicon item	1	add_lexiconitem
2	Can change lexicon item	1	change_lexiconitem
3	Can delete lexicon item	1	delete_lexiconitem
4	Can view lexicon item	1	view_lexiconitem
5	Can add tag	2	add_tag
6	Can change tag	2	change_tag
7	Can delete tag	2	delete_tag
8	Can view tag	2	view_tag
9	Can add novella	3	add_novella
10	Can change novella	3	change_novella
11	Can delete novella	3	delete_novella
12	Can view novella	3	view_novella
13	Can add character	4	add_character
14	Can change character	4	change_character
15	Can delete character	4	delete_character
16	Can view character	4	view_character
17	Can add log entry	5	add_logentry
18	Can change log entry	5	change_logentry
19	Can delete log entry	5	delete_logentry
20	Can view log entry	5	view_logentry
21	Can add permission	6	add_permission
22	Can change permission	6	change_permission
23	Can delete permission	6	delete_permission
24	Can view permission	6	view_permission
25	Can add group	7	add_group
26	Can change group	7	change_group
27	Can delete group	7	delete_group
28	Can view group	7	view_group
29	Can add user	8	add_user
30	Can change user	8	change_user
31	Can delete user	8	delete_user
32	Can view user	8	view_user
33	Can add content type	9	add_contenttype
34	Can change content type	9	change_contenttype
35	Can delete content type	9	delete_contenttype
36	Can view content type	9	view_contenttype
37	Can add session	10	add_session
38	Can change session	10	change_session
39	Can delete session	10	delete_session
40	Can view session	10	view_session
41	Can add site	11	add_site
42	Can change site	11	change_site
43	Can delete site	11	delete_site
44	Can view site	11	view_site
\.


--
-- Data for Name: auth_group_permissions; Type: TABLE DATA; Schema: public; Owner: nouvelles
--

COPY public.auth_group_permissions (id, group_id, permission_id) FROM stdin;
\.


--
-- Data for Name: auth_user; Type: TABLE DATA; Schema: public; Owner: nouvelles
--

COPY public.auth_user (id, password, last_login, is_superuser, username, first_name, last_name, email, is_staff, is_active, date_joined) FROM stdin;
1	pbkdf2_sha256$180000$FLFmigXdHCAQ$V+N4zV+9NTAqri4+KLxRYE6kdXfu0thiihzHMu8tlbQ=	2023-03-07 12:42:24.373476+00	t	admin			claire@dhenin.net	t	t	2023-03-07 12:42:14.812252+00
\.


--
-- Data for Name: auth_user_groups; Type: TABLE DATA; Schema: public; Owner: nouvelles
--

COPY public.auth_user_groups (id, user_id, group_id) FROM stdin;
\.


--
-- Data for Name: auth_user_user_permissions; Type: TABLE DATA; Schema: public; Owner: nouvelles
--

COPY public.auth_user_user_permissions (id, user_id, permission_id) FROM stdin;
\.


--
-- Data for Name: characters_character; Type: TABLE DATA; Schema: public; Owner: nouvelles
--

COPY public.characters_character (id, name, biography, excerpt) FROM stdin;
1	Ray Joubert	<p>Ray Joubert a toujours &eacute;t&eacute; consid&eacute;r&eacute; par sa s&oelig;ur Cyriaque comme quelqu&rsquo;un de simple. Lui n&rsquo;y voit aucune insulte, mais plut&ocirc;t une forme de sobri&eacute;t&eacute; dont il est particuli&egrave;rement fier.</p>\r\n<p>Capable de passer inaper&ccedil;u &agrave; peu pr&egrave;s partout, Ray est pourtant, pour lui-m&ecirc;me, le centre du monde. Comme nous tous&hellip;</p>\r\n<div id="tap-translate">&nbsp;</div>\r\n<p>&nbsp;</p>	Ray Joubert a toujours été considéré par sa sœur Cyriaque comme quelqu’un de simple. Lui n’y voit aucune insulte, mais plutôt une forme de sobriété dont il est particulièrement fier.
2	Cinqueterre	<p>&nbsp;Cinqueterre porte bien son nom.</p>\r\n<p>Ses parents, persuad&eacute;s du bien fond&eacute; de leur saillie po&eacute;tique, avaient d&eacute;cid&eacute; de l&rsquo;appeler ainsi &agrave; cause de sa maladie&nbsp;: une pigmentation folklorique de la peau au niveau du visage. Elle arborait un faci&egrave;s bariol&eacute;, de l&rsquo;ivoire &agrave; l&rsquo;&eacute;b&egrave;ne, qui faisait penser &agrave; une mosa&iuml;que abstraite, et qui avait rappel&eacute; &agrave; ses g&eacute;niteurs les couleurs vives des villages des Cinque Terre en Ancienne Italie.</p>\r\n<p>Tr&egrave;s joviale, trop pour que &ccedil;a ne soit pas suspect, Cinqueterre entretient des liens forts avec le petit groupe d&rsquo;amis qui a accompagn&eacute; son adolescence sur la cote ni&ccedil;oise et son arri&egrave;re-pays montagneux. Dans le havre climatique que constitue la r&eacute;gion, elle pratique r&eacute;guli&egrave;rement la plong&eacute;e avec Esther, son meilleur ami &mdash; ou sa meilleure amie selon le jour &mdash; et nourrit une passion d&eacute;vorante pour le jardinage depuis qu&rsquo;elle a d&eacute;couvert ses secrets dans le petit jardin de Th&eacute;odore, un orphelin passionn&eacute; par la Terre et ses interactions avec la vie.</p>\r\n<p>&nbsp;</p>	Cinqueterre porte bien son nom. Ses parents, persuadés du bien fondé de leur saillie poétique, avaient décidé de l’appeler ainsi à cause de sa maladie : une pigmentation folklorique de la peau au niveau du visage. Elle arborait un faciès bariolé, de l’ivoire à l’ébène, qui faisait penser à une mosaïque abstraite, et qui avait rappelé à ses géniteurs les couleurs vives des villages des Cinque Terre en Ancienne Italie.
3	El paco	<p>De son vrai nom R&eacute;ginald Pastrecco, Elpaco a fray&eacute; quelque temps avec les optimisateurs forcen&eacute;s de la religion Deep Life. Puis, d&eacute;gout&eacute; par le stress de la vie urbaine et des trop courtes p&eacute;riodes d&rsquo;ennui qu&rsquo;il arrivait &agrave; s&rsquo;octroyer, il s&rsquo;est &eacute;clips&eacute; dans les belles montagnes du Mercantour pour y fonder une h&eacute;r&eacute;sie et y couler des jours plus doux, moins optimis&eacute;s.</p>\r\n<p>Profitant de son physique de savant fou, de son inadaptabilit&eacute; sociale et de ses phases lunaires, la vie aime lui jouer des mauvais tours. Sa solitude fraichement acquise devient donc une succession d&rsquo;histoires absurdes qu&rsquo;on pourrait croire sorties du cerveau malade d&rsquo;un auteur d&eacute;rang&eacute;.</p>\r\n<p>&nbsp;</p>	
\.


--
-- Data for Name: django_admin_log; Type: TABLE DATA; Schema: public; Owner: nouvelles
--

COPY public.django_admin_log (id, action_time, object_id, object_repr, action_flag, change_message, content_type_id, user_id) FROM stdin;
1	2023-03-07 12:43:00.316192+00	1	nouvelles.exnihil.fr	2	[{"changed": {"fields": ["Domain name", "Display name"]}}]	11	1
2	2023-03-07 12:44:22.08322+00	1	Ray Joubert	1	[{"added": {}}]	4	1
3	2023-03-07 12:44:30.87983+00	1	Drame	1	[{"added": {}}]	2	1
4	2023-03-07 12:44:55.427409+00	1	Merci la famille	1	[{"added": {}}]	3	1
5	2023-03-07 12:45:49.268634+00	2	Cinqueterre	1	[{"added": {}}]	4	1
6	2023-03-07 12:46:16.178894+00	2	Une alvéole, une vie	1	[{"added": {}}]	3	1
7	2023-03-07 12:46:37.833711+00	3	El paco	1	[{"added": {}}]	4	1
8	2023-03-07 12:47:19.898972+00	2	Parabole	1	[{"added": {}}]	2	1
9	2023-03-07 12:47:30.331589+00	3	Le Dahut des Monts	1	[{"added": {}}]	3	1
10	2023-03-07 12:48:15.525059+00	1	OMR	1	[{"added": {}}]	1	1
11	2023-03-07 12:48:26.692682+00	2	Nihilé·e, Nihilard·e (n.)	1	[{"added": {}}]	1	1
12	2023-03-07 12:48:36.254092+00	3	Humain·e de type Z	1	[{"added": {}}]	1	1
13	2023-03-07 12:48:44.926322+00	4	Humain·e de type R	1	[{"added": {}}]	1	1
14	2023-03-07 12:48:56.933561+00	5	Humain·e de type N	1	[{"added": {}}]	1	1
15	2023-03-07 12:49:07.261236+00	6	Encroyant·e (n.)	1	[{"added": {}}]	1	1
16	2023-03-07 12:49:16.574619+00	7	Désentimentiser (v.)	1	[{"added": {}}]	1	1
17	2023-03-07 12:49:25.359319+00	8	Déempathiser (v.)	1	[{"added": {}}]	1	1
18	2023-03-07 12:49:35.102375+00	9	Décroyer, Nihiler (v.)	1	[{"added": {}}]	1	1
\.


--
-- Data for Name: django_migrations; Type: TABLE DATA; Schema: public; Owner: nouvelles
--

COPY public.django_migrations (id, app, name, applied) FROM stdin;
1	contenttypes	0001_initial	2023-03-06 14:14:30.747704+00
2	auth	0001_initial	2023-03-06 14:14:31.021097+00
3	admin	0001_initial	2023-03-06 14:14:31.273563+00
4	admin	0002_logentry_remove_auto_add	2023-03-06 14:14:31.382048+00
5	admin	0003_logentry_add_action_flag_choices	2023-03-06 14:14:31.456716+00
6	contenttypes	0002_remove_content_type_name	2023-03-06 14:14:31.691891+00
7	auth	0002_alter_permission_name_max_length	2023-03-06 14:14:31.719432+00
8	auth	0003_alter_user_email_max_length	2023-03-06 14:14:31.803036+00
9	auth	0004_alter_user_username_opts	2023-03-06 14:14:31.881728+00
10	auth	0005_alter_user_last_login_null	2023-03-06 14:14:31.968026+00
11	auth	0006_require_contenttypes_0002	2023-03-06 14:14:31.975151+00
12	auth	0007_alter_validators_add_error_messages	2023-03-06 14:14:32.045541+00
13	auth	0008_alter_user_username_max_length	2023-03-06 14:14:32.182778+00
14	auth	0009_alter_user_last_name_max_length	2023-03-06 14:14:32.225867+00
15	auth	0010_alter_group_name_max_length	2023-03-06 14:14:32.321816+00
16	auth	0011_update_proxy_permissions	2023-03-06 14:14:32.396093+00
17	characters	0001_initial	2023-03-06 14:14:32.466106+00
18	characters	0002_auto_20200329_1438	2023-03-06 14:14:32.494077+00
19	lexiconItems	0001_initial	2023-03-06 14:14:32.584762+00
20	lexiconItems	0002_auto_20200329_1439	2023-03-06 14:14:32.61338+00
21	lexiconItems	0003_auto_20200329_1442	2023-03-06 14:14:32.630357+00
22	novellas	0001_initial	2023-03-06 14:14:32.772118+00
23	novellas	0002_auto_20200329_1438	2023-03-06 14:14:32.955869+00
24	novellas	0003_auto_20200329_1442	2023-03-06 14:14:33.004533+00
25	sessions	0001_initial	2023-03-06 14:14:33.076462+00
26	sites	0001_initial	2023-03-06 14:14:33.135828+00
27	sites	0002_alter_domain_unique	2023-03-06 14:14:33.195666+00
\.


--
-- Data for Name: django_session; Type: TABLE DATA; Schema: public; Owner: nouvelles
--

COPY public.django_session (session_key, session_data, expire_date) FROM stdin;
y9jc3hvy9yckhslkmuy9tntuui8iwm29	NTMxYTIyNDdlYzFjMmJkMGQyMWMwZWQ0NDMwNzYzOTAxNzE2N2MxODp7Il9hdXRoX3VzZXJfaWQiOiIxIiwiX2F1dGhfdXNlcl9iYWNrZW5kIjoiZGphbmdvLmNvbnRyaWIuYXV0aC5iYWNrZW5kcy5Nb2RlbEJhY2tlbmQiLCJfYXV0aF91c2VyX2hhc2giOiI3ZmFlMGQ4OTNjY2FiNTFmNzcyNGUwMWY5OTg4NGRlZDFhMTIzMzA4In0=	2023-03-21 12:42:24.378081+00
\.


--
-- Data for Name: django_site; Type: TABLE DATA; Schema: public; Owner: nouvelles
--

COPY public.django_site (id, domain, name) FROM stdin;
1	nouvelles.exnihil.fr	nouvelles.exnihil.fr
\.


--
-- Data for Name: lexiconItems_lexiconitem; Type: TABLE DATA; Schema: public; Owner: nouvelles
--

COPY public."lexiconItems_lexiconitem" (id, name, definition, created_at) FROM stdin;
1	OMR	Organisme de Médiation Religieuse. Organisme chargé de faire le ciment entre les différentes religions. Il est responsable de l’encroiement des humains de type A, de la propagande mondiale pour l’encroyance, ainsi que du vide légal laissé par les religions (par exemple les lois auxquelles les nihilé·es répondent).	2023-03-07 12:48:04+00
2	Nihilé·e, Nihilard·e (n.)	Personne qui n’est affiliée à aucune religion. Elle n'est soumise à aucune loi autre que celles de l’OMR, et est souvent assimilée à la lie de la société.	2023-03-07 12:48:15+00
3	Humain·e de type Z	Encroyant·e classique ou coordinateur.	2023-03-07 12:48:26+00
4	Humain·e de type R	Personne désentimentisée afin qu’elle participe à l’effort productif mondial.	2023-03-07 12:48:36+00
5	Humain·e de type N	Nihilé·e classique.	2023-03-07 12:48:45+00
6	Encroyant·e (n.)	Personne travaillant activement dans une religion, généralement au sein de son clergé. Elle est de fait encroyée dans cette religion. L’OMR oblige tous les encroyants à subir un processus de déempathisation.	2023-03-07 12:48:57+00
7	Désentimentiser (v.)	Réduire drastiquement, par un traitement médical, la capacité d’une personne à éprouver des sentiments.	2023-03-07 12:49:07+00
8	Déempathiser (v.)	Retirer, par une formation de quelques mois, la capacité d’une personne à ressentir de l’empathie. Cette opération est obligatoire pour devenir encroyant·e d’une religion. Le processus s’appelle familièrement la Purge.	2023-03-07 12:49:16+00
9	Décroyer, Nihiler (v.)	Action de retirer à quelqu'un son affiliation à une religion (son encroyance).	2023-03-07 12:49:25+00
\.


--
-- Data for Name: novellas_novella; Type: TABLE DATA; Schema: public; Owner: nouvelles
--

COPY public.novellas_novella (id, title, text, excerpt, created_at) FROM stdin;
1	Merci la famille	<div class="content-read">\r\n<p class="retrait-de-premi&egrave;re-ligne">J&rsquo;ai longtemps confondu absence d&rsquo;empathie et intelligence.</p>\r\n<p class="retrait-de-premi&egrave;re-ligne">Autant dire que lorsque ma religion m&rsquo;a propos&eacute; une Purge, je n&rsquo;ai pas beaucoup h&eacute;sit&eacute;. J&rsquo;imaginais que, d&eacute;barrass&eacute; de compassion et de sensibilit&eacute; &eacute;motionnelle, mes facult&eacute;s rationnelles se d&eacute;cupleraient. Je pensais m&ecirc;me na&iuml;vement que c&rsquo;&eacute;tait l&agrave; les objectifs de l&rsquo;OMR avec les Purges d&rsquo;encroyants.</p>\r\n<p class="retrait-de-premi&egrave;re-ligne">Ma s&oelig;ur Cyriaque, avec son vocabulaire fleuri habituel, m&rsquo;avait qualifi&eacute; de &laquo;&nbsp;nouille tridimensionnelle en r&eacute;alit&eacute; augment&eacute;e&nbsp;&raquo; lorsqu&rsquo;elle avait appris ce que je m&rsquo;appr&ecirc;tais &agrave; faire. Toujours mesur&eacute;e et nuanc&eacute;e, elle m&rsquo;avait r&eacute;p&eacute;t&eacute; &agrave; l&rsquo;envi que la Purge, c&rsquo;&eacute;tait &laquo;&nbsp;l&rsquo;OMR qui coupait des mains afin qu&rsquo;elles ne leur retournent jamais de tartes&nbsp;&raquo;. Je lui avais r&eacute;pondu qu&rsquo;elle exag&eacute;rait, et je le crois encore.</p>\r\n<p>Mais je pense aujourd&rsquo;hui qu&rsquo;elle n&rsquo;avait pas compl&egrave;tement tort non plus.</p>\r\n<p style="text-align: center;"><strong>***</strong></p>\r\n<p class="retrait-de-premi&egrave;re-ligne">Au moment o&ugrave; j&rsquo;ai termin&eacute; ma Purge, Cyriaque &eacute;tait encore jeune. Malgr&eacute; sa pr&eacute;cocit&eacute; intellectuelle, elle n&rsquo;avait pas dix-huit ans et n&rsquo;&eacute;tait donc pas encroy&eacute;e.</p>\r\n<p class="retrait-de-premi&egrave;re-ligne">Mais il y avait sa maladie. Cette chose dont on ne savait rien, mais que Cyriaque persistait &agrave; appeler &laquo;&nbsp;ma pote&nbsp;&raquo;, comme pour se la rendre moins dramatique, ou pour l&rsquo;int&eacute;grer &agrave; sa vie, l&agrave; o&ugrave; nous aurions aim&eacute; qu&rsquo;elle la combatte et la traite en ennemie.</p>\r\n<p class="retrait-de-premi&egrave;re-ligne">La religion de mon p&egrave;re, Feel Good Inc., poss&eacute;dait des centaines de milliers d&rsquo;encroy&eacute;s et avait d&eacute;velopp&eacute; un programme de sant&eacute; enti&egrave;rement bas&eacute; sur le soutien psychologique et l&rsquo;oubli des &eacute;v&egrave;nements traumatisants. Cyriaque avait suivi de longues formations au bonheur, on l&rsquo;avait exhort&eacute;e &agrave; &laquo;&nbsp;enfermer sa pote dans une petite bo&icirc;te imaginaire et &agrave; ne plus jamais la laisser sortir&nbsp;&raquo;. Elle avait travaill&eacute; toutes sortes techniques pour ignorer la douleur et appris &agrave; sourire en toute occasion, si bien qu&rsquo;un &eacute;trange rictus restait &eacute;ternellement sur son visage encore si jeune.</p>\r\n<p class="retrait-de-premi&egrave;re-ligne">Autant dire que rien de tout cela n&rsquo;avait fonctionn&eacute;.</p>\r\n<p class="retrait-de-premi&egrave;re-ligne">La religion de ma m&egrave;re n&rsquo;&eacute;tait qu&rsquo;une heresy-up sans beaucoup d&rsquo;encroy&eacute;s et avec la plus &eacute;l&eacute;mentaire des couvertures m&eacute;dicales&nbsp;: celle adoss&eacute;e au service minimal fourni de l&rsquo;OMR.</p>\r\n<p class="retrait-de-premi&egrave;re-ligne">&Agrave; ce jour, personne ne savait donc de quoi souffrait Cyriaque, et encore moins comment l&rsquo;en soulager. Derri&egrave;re son sourire immobile se cachait de plus en plus de tristesse, et quelques crises l&rsquo;ont m&ecirc;me clou&eacute;e au lit pendant des semaines. C&rsquo;est dans ces moments-l&agrave; qu&rsquo;elle m&rsquo;&eacute;tait le plus accessible. Le reste du temps, je la sentais fuyante, g&ecirc;n&eacute;e de discuter avec moi. Elle semblait me trouver idiot, vain, mais avoir en m&ecirc;me temps honte de ressentir cela. Sa maladie, dans ses pics, nous remettait &agrave; &eacute;galit&eacute;.</p>\r\n<p class="retrait-de-premi&egrave;re-ligne">Ce sont d&rsquo;ailleurs lors de nos premi&egrave;res interactions apr&egrave;s ma Purge que j&rsquo;ai commenc&eacute; &agrave; comprendre les cons&eacute;quences de son mal. Lorsqu&rsquo;autrefois je parvenais &agrave; sentir son embarras face &agrave; ma simplicit&eacute;, je n&rsquo;avais d&eacute;sormais plus qu&rsquo;une col&egrave;re sourde quant &agrave; la faiblesse de son sentiment et &agrave; tout ce qu&rsquo;elle d&eacute;voilait de manquements en moi. Je souhaitais toujours l&rsquo;aider, mais la ha&iuml;ssais de plus en plus &agrave; mesure que la piti&eacute; s&rsquo;accumulait dans ses yeux noirs. Je pense que c&rsquo;est cette aversion qui nous a men&eacute;s dans cette situation, ou plut&ocirc;t qui a permis que cette situation advienne. Et le pire, je crois, c&rsquo;est que je n&rsquo;arrive pas &agrave; m&rsquo;en vouloir&nbsp;; non, &ccedil;a me met plut&ocirc;t dans une rage folle.</p>\r\n<p class="retrait-de-premi&egrave;re-ligne" style="text-align: center;"><strong>***</strong></p>\r\n<p class="retrait-de-premi&egrave;re-ligne">Pour mieux comprendre la suite, je dois vous dire que je me suis encroy&eacute; &agrave; mes dix-huit ans chez Homeous. C&rsquo;est une religion qui d&eacute;fend l&rsquo;utilisation de l&rsquo;hom&eacute;opathie et des m&eacute;decines douces contre les agressions ext&eacute;rieures. Je voulais offrir &agrave; Cyriaque une alternative, quelque chose de diff&eacute;rent, mais en lequel je croyais. Je ne lui ai rien dit et, pour tout dire, Homeous n&rsquo;avait pas tr&egrave;s bonne presse &agrave; l&rsquo;&eacute;poque. La religion &eacute;tait sur le d&eacute;clin et ils m&rsquo;ont accueilli avec une sorte de bienveillance m&ecirc;l&eacute;e de piti&eacute;, comme s&rsquo;ils venaient de voir arriver un nouveau matelot sur leur navire &agrave; moiti&eacute; immerg&eacute;.</p>\r\n<p class="retrait-de-premi&egrave;re-ligne">Quand elle l&rsquo;a appris, Cyriaque a vrill&eacute;. Elle a dissert&eacute; pendant de longues heures sur la stupidit&eacute; de ma d&eacute;cision, tant parce qu&rsquo;elle trouvait Homeous d&eacute;bile que parce qu&rsquo;elle ne voulait pas que je choisisse quoi que ce soit en fonction d&rsquo;elle. &Agrave; l&rsquo;&eacute;poque, je m&rsquo;imaginais encore en h&eacute;ros incompris&nbsp;; j&rsquo;ai pris sur moi.</p>\r\n<p class="retrait-de-premi&egrave;re-ligne">Comme Cyriaque refusait cat&eacute;goriquement de se faire examiner par qui que ce soit de chez Homeous, j&rsquo;ai d&ucirc; ruser. Pendant quelque temps, j&rsquo;ai observ&eacute; ses sympt&ocirc;mes auxquels personne ne comprenait rien&nbsp;: naus&eacute;es subites, main de plus en plus faible, parties du corps qui gonflaient sous les inflammations, larmes incontr&ocirc;lables, sueurs abondantes. Le plus difficile, durant cette p&eacute;riode, &eacute;tait de voir la d&eacute;ch&eacute;ance progressive de ma s&oelig;ur. Parfois, je la surprenais au milieu de son activit&eacute; favorite&nbsp;: le chant. Elle d&eacute;testait que je l&rsquo;entende &agrave; cause du d&eacute;clin terrible de sa voix qui, claire et limpide, douce et aigu&euml;, se transformait lentement en un r&acirc;le qui ne perdait pas une occasion de d&eacute;railler. Je n&rsquo;avais cure de ces petites, puis grandes, imperfections, mais elles trahissaient tant la mauvaise sant&eacute; de Cyriaque que je ne pouvais pas me permettre de les appr&eacute;cier. Lorsqu&rsquo;elle se rendait compte que j&rsquo;avais assist&eacute; &agrave; une session particuli&egrave;rement catastrophique, elle me chassait dans un torrent de larmes qui, pour une fois, ne devaient rien &agrave; sa maladie.</p>\r\n<p class="retrait-de-premi&egrave;re-ligne">Avec tous les sympt&ocirc;mes bien dans un coin de ma t&ecirc;te, je suis all&eacute; voir une sp&eacute;cialiste d&rsquo;Homeous.</p>\r\n<p class="retrait-de-premi&egrave;re-ligne">Celle que j&rsquo;avais prise pour une pointure de la m&eacute;decine alternative d&eacute;vou&eacute;e &agrave; sa vocation de gu&eacute;rir des &ecirc;tres humains s&rsquo;est r&eacute;v&eacute;l&eacute;e &ecirc;tre une personne tout &agrave; fait d&eacute;sagr&eacute;able, avec qui la conversation a coup&eacute; court. Apr&egrave;s que je lui ai list&eacute; les maux de ma s&oelig;ur, ayant omis de dire que je ne d&eacute;crivais pas mon cas personnel, elle m&rsquo;a demand&eacute;&nbsp;:</p>\r\n<p class="retrait-de-premi&egrave;re-ligne">&ndash;&nbsp;Vous &ecirc;tes en parfaite sant&eacute;, alors qu&rsquo;essayez-vous de me dire&nbsp;?</p>\r\n<p class="retrait-de-premi&egrave;re-ligne">&ndash;&nbsp;Ce n&rsquo;est pas pour moi, mais ma s&oelig;ur Cyriaque est&hellip;</p>\r\n<p class="retrait-de-premi&egrave;re-ligne">&ndash;&nbsp;Est-elle encroy&eacute;e chez Homeous&nbsp;?</p>\r\n<p class="retrait-de-premi&egrave;re-ligne">&ndash;&nbsp;Non, mais elle n&rsquo;a pas encore&hellip;</p>\r\n<p class="retrait-de-premi&egrave;re-ligne">&ndash;&nbsp;Alors barrez-vous. Vous &ecirc;tes novice ici, vous n&rsquo;avez toujours pas compris qu&rsquo;Homeous ne saurait soigner que ses fid&egrave;les, ceux qui ont souscrit au contrat m&eacute;dical de luxe que nous proposons. Sans la foi, point de gu&eacute;rison. Nous ne traitons que les esprits &eacute;veill&eacute;s, et vous devriez secouer le v&ocirc;tre qui m&rsquo;a tout l&rsquo;air endormi, cher&hellip;&nbsp;?</p>\r\n<p class="retrait-de-premi&egrave;re-ligne">&ndash;&nbsp;Ray.</p>\r\n<p class="retrait-de-premi&egrave;re-ligne">&ndash;&nbsp;Ray. Qu&rsquo;Homeous vous apporte tout ce dont vous avez besoin dans la mesure de votre foi. Au revoir.</p>\r\n<p class="retrait-de-premi&egrave;re-ligne">Si &agrave; l&rsquo;&eacute;poque j&rsquo;avais encore des doutes sur la raison pour laquelle Homeous &eacute;tait une religion sur le d&eacute;clin, ils ont &eacute;t&eacute; dissip&eacute;s apr&egrave;s cette entrevue.</p>\r\n<p class="retrait-de-premi&egrave;re-ligne">Je me souviens de la longue p&eacute;riode de solitude qui a suivi. Je n&rsquo;osais pas rendre visite &agrave; Cyriaque ni parler &agrave; mes parents de ce qui me traversait alors l&rsquo;esprit.</p>\r\n<p class="retrait-de-premi&egrave;re-ligne">Lorsque je suis sorti de ma l&eacute;thargie, j&rsquo;avais deux id&eacute;es fixes en t&ecirc;te. La premi&egrave;re &eacute;tait de m&rsquo;engager en tant qu&rsquo;encroyant chez Homeous. La deuxi&egrave;me de convaincre Cyriaque de s&rsquo;encroyer dans ma religion.</p>\r\n<p class="retrait-de-premi&egrave;re-ligne">Bien s&ucirc;r, pour devenir un type Z, je devais suivre un processus de d&eacute;empathisation&nbsp;: la Purge. J&rsquo;ai formul&eacute; ma demande &agrave; l&rsquo;OMR et j&rsquo;ai obtenu un entretien avec Christophe de la Panisse, le Grand Parapharmacien. D&rsquo;abord intimid&eacute;, j&rsquo;ai ensuite endur&eacute; une sorte de malaise durant toute la conversation&nbsp;: malgr&eacute; son ton chaleureux, de la Panisse regardait toujours l&eacute;g&egrave;rement &agrave; c&ocirc;t&eacute; de mon visage, comme s&rsquo;il r&eacute;citait quelque chose et que ma pr&eacute;sence n&rsquo;alt&eacute;rait que tr&egrave;s peu son discours. En plus de cela, un &eacute;trange strabisme et des pauses trop longues me l&rsquo;ont rendu clairement antipathique. Il m&rsquo;a d&eacute;vers&eacute; les avertissements d&rsquo;usage qui, j&rsquo;imagine, sont resservis &agrave; tous les futurs encroyants en phase de d&eacute;empathisation&nbsp;:</p>\r\n<p class="retrait-de-premi&egrave;re-ligne">&ndash;&nbsp;Vous devez avoir deux choses en t&ecirc;te, et bien les laisser mariner avant qu&rsquo;ils ne vous fassent prendre votre d&eacute;cision d&eacute;finitive. La premi&egrave;re concerne le processus de d&eacute;empathisation. C&rsquo;est un processus tr&egrave;s douloureux. Pas sur le moment, mais pour le restant de votre vie. On confond souvent avec la d&eacute;sentimentisation, mais il n&rsquo;en est rien. Vous continuerez &agrave; ressentir des choses&nbsp;; beaucoup de choses&nbsp;; principalement de la col&egrave;re d&rsquo;ailleurs. Mais vous ne comprendrez pas pourquoi les autres agissent de telle ou telle fa&ccedil;on. Vous n&rsquo;accorderez plus votre humeur sur celle de votre interlocuteur. C&rsquo;est tr&egrave;s pratique pour g&eacute;rer une relation et cela &eacute;vite les &eacute;tats d&rsquo;&acirc;me, mais c&rsquo;est dramatique pour votre &eacute;quilibre personnel. Ah oui, et c&rsquo;est un choix irr&eacute;versible, mais vous le saviez probablement.</p>\r\n<p class="retrait-de-premi&egrave;re-ligne">Il a laiss&eacute; une pause, comme pour m&rsquo;inviter &agrave; poser les questions qui me passeraient par la t&ecirc;te. Je n&rsquo;en avais aucune, j&rsquo;&eacute;tais conscient des risques. Du moins le croyais-je &agrave; ce moment-l&agrave;. Puis il a encha&icirc;n&eacute;&nbsp;:</p>\r\n<p class="retrait-de-premi&egrave;re-ligne">&ndash;&nbsp;La deuxi&egrave;me chose concerne votre engagement futur. Il ne devra pas &ecirc;tre une grosse part de votre vie&nbsp;: il doit &ecirc;tre votre vie. Un encroyant le devient par foi et non pour une autre raison. Vous subirez les questionnaires psychologiques d&rsquo;usage, conduits par l&rsquo;OMR qui a tout int&eacute;r&ecirc;t &agrave; ce que les gestionnaires des diff&eacute;rentes religions soient les plus sinc&egrave;res possibles. De notre c&ocirc;t&eacute;, nous effectuerons une petite enqu&ecirc;te pour d&eacute;terminer votre sinc&eacute;rit&eacute;. Pr&eacute;parez votre entourage, ils recevront peut-&ecirc;tre des visites surprises.</p>\r\n<p class="retrait-de-premi&egrave;re-ligne">Je ne m&rsquo;y attendais pas. Apr&egrave;s avoir donn&eacute; mon assentiment &agrave; cette &eacute;trange requ&ecirc;te, je me suis pr&eacute;cipit&eacute; pour voir Cyriaque.</p>\r\n<p class="retrait-de-premi&egrave;re-ligne">&Agrave; bout de souffle, j&rsquo;ai ouvert la porte de sa chambre d&rsquo;h&ocirc;pital. Cette fois, aucune larme n&rsquo;a point tant j&rsquo;&eacute;tais pr&eacute;occup&eacute; par la chose &agrave; faire. La bonne chose &agrave; faire. Apr&egrave;s l&rsquo;avoir rapidement salu&eacute;e, je lui ai pr&eacute;sent&eacute; le probl&egrave;me, racont&eacute; ma volont&eacute; de d&eacute;empathisation pour &oelig;uvrer &agrave; la croissance et &agrave; la diffusion de ma religion. J&rsquo;ai senti son visage se couvrir de honte, puis de col&egrave;re, alors que sa voix d&eacute;ficiente ne lui permettait pas de r&eacute;pliquer &agrave; mon d&eacute;bit furieux.</p>\r\n<p class="retrait-de-premi&egrave;re-ligne">&ndash;&nbsp;&hellip; et donc s&rsquo;ils comprennent ta situation, ils estimeront que je n&rsquo;ai pas de vocation, mais seulement l&rsquo;envie de sauver ma s&oelig;ur ch&eacute;rie.</p>\r\n<p class="retrait-de-premi&egrave;re-ligne">Elle a grimac&eacute; &agrave; cette qualification. J&rsquo;ai continu&eacute;&nbsp;:</p>\r\n<p class="retrait-de-premi&egrave;re-ligne">&ndash;&nbsp;J&rsquo;ai juste besoin que tu reviennes chez Papa et Maman le temps de l&rsquo;enqu&ecirc;te. S&rsquo;il te pla&icirc;t&hellip;</p>\r\n<p class="retrait-de-premi&egrave;re-ligne">Elle a mis un peu de temps &agrave; recomposer son visage et &agrave; retrouver ses esprits. Je la sentais tiraill&eacute;e, et au moment o&ugrave; j&rsquo;allais la supplier &agrave; nouveau, elle a pris la parole d&rsquo;une voix rauque et vibrante&nbsp;:</p>\r\n<p class="retrait-de-premi&egrave;re-ligne">&ndash;&nbsp;Pas besoin de me supplier. Je vais le faire. Marre de cet h&ocirc;pital d&eacute;labr&eacute; de toute fa&ccedil;on. Serai mieux chez Papa et Maman malgr&eacute; leurs commentaires. Et ta piti&eacute;.</p>\r\n<p class="retrait-de-premi&egrave;re-ligne">J&rsquo;allais l&rsquo;embrasser de joie lorsqu&rsquo;elle s&rsquo;est empress&eacute;e de rajouter&nbsp;:</p>\r\n<p class="retrait-de-premi&egrave;re-ligne">&ndash;&nbsp;Par contre&hellip; Tu me dois une faveur.</p>\r\n<p class="retrait-de-premi&egrave;re-ligne">&ndash;&nbsp;Tout ce que tu veux&nbsp;!</p>\r\n<p class="retrait-de-premi&egrave;re-ligne">&Agrave; ce moment-l&agrave;, je n&rsquo;ai m&ecirc;me pas eu la pr&eacute;sence de lui demander ce qu&rsquo;elle d&eacute;sirait. Apr&egrave;s tout, j&rsquo;imaginais que la seule chose qu&rsquo;elle pouvait souhaiter &eacute;tait de se d&eacute;barrasser de sa pote, de revenir &agrave; une vie normale, quels qu&rsquo;en soient les moyens. Et je venais d&rsquo;en trouver un, de moyen, gr&acirc;ce &agrave; Homeous.</p>\r\n<p class="retrait-de-premi&egrave;re-ligne">L&rsquo;avantage de cette maladie que personne ne reconnaissait, c&rsquo;&eacute;tait pr&eacute;cis&eacute;ment que personne ne la reconnaissait. Cyriaque est parvenue sans trop de difficult&eacute;s &agrave; faire illusion le temps de son entretien avec l&rsquo;agent de l&rsquo;OMR. Ce dernier ne semblait d&rsquo;ailleurs pas mettre beaucoup de c&oelig;ur &agrave; l&rsquo;ouvrage. D&rsquo;apr&egrave;s elle, il s&rsquo;est content&eacute; de marmonner des questions stupides aux membres de ma famille et d&rsquo;en noter les r&eacute;ponses lapidaires. Bien s&ucirc;r, j&rsquo;avais &eacute;galement pr&eacute;venu mes parents qui n&rsquo;ont pas &eacute;voqu&eacute; la maladie de Cyriaque.</p>\r\n<p class="retrait-de-premi&egrave;re-ligne">Quelques jours plus tard, mon calendrier personnel s&rsquo;est automatiquement lest&eacute; d&rsquo;un rendez-vous pour d&eacute;empathisation la semaine suivante.</p>\r\n<p class="retrait-de-premi&egrave;re-ligne">J&rsquo;ai enfin eu le temps de r&eacute;fl&eacute;chir &agrave; ce que cela signifiait pour moi. Apr&egrave;s avoir lu diff&eacute;rents textes sur le sujet, quelques articles clandestins qui fustigeaient le proc&eacute;d&eacute;, mais desquels je n&rsquo;ai tir&eacute; aucune r&eacute;elle contre-indication, j&rsquo;ai d&eacute;finitivement accept&eacute; de devenir encroyant d&rsquo;Homeous.</p>\r\n<p class="retrait-de-premi&egrave;re-ligne">Je savais suite &agrave; mes lectures que le proc&eacute;d&eacute; n&rsquo;avait rien de douloureux, mais j&rsquo;ai tout de m&ecirc;me &eacute;t&eacute; surpris de la rapidit&eacute; &agrave; laquelle on m&rsquo;a d&eacute;lest&eacute; de mon empathie.</p>\r\n<p class="retrait-de-premi&egrave;re-ligne">Apr&egrave;s un scan qui a permis de cartographier mon cerveau, un m&eacute;decin de l&rsquo;OMR a calibr&eacute; une sorte de sarcophage dans lequel je me suis allong&eacute; quelques minutes, le temps pour un laser invisible de trifouiller dans ma mati&egrave;re grise pour la &laquo;&nbsp;reparam&eacute;trer&nbsp;&raquo;. Si je m&rsquo;attendais &agrave; une quelconque migraine ou m&ecirc;me &agrave; un l&eacute;ger fr&eacute;missement au niveau de ma t&ecirc;te, j&rsquo;en ai &eacute;t&eacute; pour mes frais.</p>\r\n<p class="retrait-de-premi&egrave;re-ligne">J&rsquo;ai ensuite quitt&eacute; la salle d&rsquo;op&eacute;ration comme je suis venu, avec la certitude que rien n&rsquo;avait chang&eacute; pour moi, ou alors pour le mieux.</p>\r\n<p class="retrait-de-premi&egrave;re-ligne">Je n&rsquo;ai pas beaucoup revu Cyriaque apr&egrave;s ma d&eacute;empathisation. J&rsquo;ignorais si elle &eacute;tait retourn&eacute;e dans son h&ocirc;pital miteux ou si elle &eacute;tait rest&eacute;e chez nos parents. J&rsquo;ai &eacute;galement oubli&eacute; qu&rsquo;elle se rapprochait rapidement de ses dix-huit ans.</p>\r\n<p class="retrait-de-premi&egrave;re-ligne">Tout mon temps &eacute;tait consacr&eacute; &agrave; Homeous. J&rsquo;avais enfin acc&egrave;s au si&egrave;ge et j&rsquo;ai pu faire la connaissance des treize autres encroyants. Lors de ma pr&eacute;sentation, Christophe de la Panisse a fait un discours abominable qui se voulait encourageant et mobilisateur. Sans vraiment s&rsquo;en soucier, il a r&eacute;cup&eacute;r&eacute; pour toute r&eacute;ponse un concert de b&acirc;illements qui a &eacute;t&eacute; mon premier choc post-d&eacute;empathisation. Je regardais les gens d&eacute;crocher leurs m&acirc;choires, et rien ne me poussait &agrave; en faire autant. C&rsquo;&eacute;tait comme s&rsquo;il me manquait un m&eacute;canisme &eacute;l&eacute;mentaire. J&rsquo;ai ressenti une terrible frustration &agrave; ce moment-l&agrave;, et je me suis retenu de ne pas envoyer valser ma paume contre le dossier de la chaise devant moi. Je vivais &eacute;galement les pr&eacute;mices de mes nouvelles phases col&eacute;riques.</p>\r\n<p class="retrait-de-premi&egrave;re-ligne">Malgr&eacute; le discours hypnotisant, quelques encroyants ont fait l&rsquo;effort de me saluer avec une chaleur toute conventionnelle. Je n&rsquo;y lisais aucune sinc&eacute;rit&eacute;.</p>\r\n<p class="retrait-de-premi&egrave;re-ligne">&Eacute;liane s&rsquo;est d&eacute;marqu&eacute;e&nbsp;: elle &eacute;tait s&egrave;che et osseuse, avec un corps trop grand pour &ecirc;tre correctement ma&icirc;tris&eacute;. Chacun de ses mouvements respirait l&rsquo;&eacute;nergie et le chaos, comme si elle allait se d&eacute;membrer &agrave; tout moment. Elle parlait avec d&rsquo;amples gestes et une condescendance terrible qui m&rsquo;ont fait d&eacute;crocher de sa longue pr&eacute;sentation d&egrave;s les premi&egrave;res secondes. Elle n&rsquo;en a rien remarqu&eacute;, persuad&eacute;e que je l&rsquo;&eacute;coutais avec int&eacute;r&ecirc;t parce que je hochais la t&ecirc;te &agrave; intervalles r&eacute;guliers.</p>\r\n<p class="retrait-de-premi&egrave;re-ligne">Peut-&ecirc;tre n&rsquo;aurais-je pas d&ucirc;, car cette politesse lui a fait croire que j&rsquo;&eacute;tais la seule personne &agrave; Homeous dispos&eacute;e &agrave; converser avec elle plus de quelques minutes. Non seulement elle a continu&eacute; &agrave; r&eacute;guli&egrave;rement m&rsquo;assommer de ses longs monologues, mais il a &eacute;galement &eacute;t&eacute; d&eacute;cid&eacute; que je formerais une belle &laquo;&nbsp;&eacute;quipe-choc&nbsp;&raquo; avec elle pour proposer un rem&egrave;de au d&eacute;clin d&rsquo;Homeous.</p>\r\n<p class="retrait-de-premi&egrave;re-ligne">Le Grand Parapharmacien nous a coll&eacute; une consultante de l&rsquo;OMR, Sarah Prat, une soi-disant sp&eacute;cialiste des religions m&eacute;dicales en difficult&eacute;, et nous nous sommes lanc&eacute;s dans un marathon de r&eacute;unions.</p>\r\n<p class="retrait-de-premi&egrave;re-ligne">Il y a &eacute;t&eacute; question de plusieurs strat&eacute;gies dans lesquelles je ne pla&ccedil;ais pas beaucoup d&rsquo;espoir. Faire une campagne de dons aupr&egrave;s des sympathisants pour financer une grande op&eacute;ration marketing. Nouer un partenariat avec des religions ax&eacute;es sur la recherche pour valider nos traitements dans la prestigieuse revue scientifique de l&rsquo;OMR. Diffuser l&rsquo;id&eacute;e d&rsquo;un mal-&ecirc;tre de l&rsquo;&eacute;poque que seule Homeous pouvait gu&eacute;rir gr&acirc;ce &agrave; son avant-gardisme sur les rem&egrave;des psychiatriques &agrave; base d&rsquo;inhalations et de caresses sensorielles.</p>\r\n<p class="retrait-de-premi&egrave;re-ligne">Nous avons &eacute;chafaud&eacute; des plans &agrave; partir de ces strat&eacute;gies, mais quelque chose allait toujours de travers. Au bout de quelques longues semaines de r&eacute;flexions vaines, j&rsquo;&eacute;tais pr&ecirc;t &agrave; jeter l&rsquo;&eacute;ponge et allais annoncer mon d&eacute;couragement &agrave; &Eacute;liane, quand Sarah a sorti un dernier atout de sa manche&nbsp;:</p>\r\n<p class="retrait-de-premi&egrave;re-ligne">&ndash;&nbsp;Je vois qu&rsquo;on n&rsquo;avance pas avec les solutions traditionnelles. Pardonnez-moi de vous parler franchement, mais votre probl&egrave;me c&rsquo;est que votre foi est dure &agrave; avaler. Rien ne prouve ce qu&rsquo;Homeous apporte et la tendance va plut&ocirc;t contre vous, avec des religions m&eacute;dicales bien install&eacute;es avec des socles scientifiques stables. J&rsquo;ai pu aider quelques heresy-up qui proposaient une nouvelle formule de soin r&eacute;volutionnaire, mais qui n&rsquo;arrivaient pas &agrave; se faire conna&icirc;tre. De votre c&ocirc;t&eacute;, il vous faudrait plut&ocirc;t vous rapprocher des succ&egrave;s religieux historiques.</p>\r\n<p class="retrait-de-premi&egrave;re-ligne">&ndash;&nbsp;Qu&rsquo;est-ce que vous voulez dire&nbsp;? a demand&eacute; &Eacute;liane.</p>\r\n<p class="retrait-de-premi&egrave;re-ligne">&ndash;&nbsp;Un martyr. Mais au sens moderne du terme. Pas question de sacrifier l&rsquo;en d&rsquo;entre vous, &ccedil;a diminuerait encore votre nombre fam&eacute;lique, et surtout &ccedil;a n&rsquo;aurait strictement aucun impact sur le reste de la population, car vous n&rsquo;avez pas le moindre reach &agrave; l&rsquo;heure actuelle.</p>\r\n<p class="retrait-de-premi&egrave;re-ligne">&Eacute;liane a sembl&eacute; illumin&eacute;e par cette nouvelle proposition. Sarah a repris en me fixant&nbsp;:</p>\r\n<p class="retrait-de-premi&egrave;re-ligne">&ndash;&nbsp;Ray, vous avez une s&oelig;ur atteinte d&rsquo;une maladie inconnue.</p>\r\n<p class="retrait-de-premi&egrave;re-ligne">Je n&rsquo;ai m&ecirc;me pas cherch&eacute; &agrave; nier, mais j&rsquo;ai accus&eacute; le coup d&rsquo;un silence coupable.</p>\r\n<p class="retrait-de-premi&egrave;re-ligne">&ndash;&nbsp;Bien s&ucirc;r que nous sommes au courant, Ray. Cyriaque Joubert est admise &agrave; temps plein dans l&rsquo;h&ocirc;pital ath&eacute;e de la ville et elle vient de se faire amputer d&rsquo;un pied&nbsp;: difficile de passer &agrave; c&ocirc;t&eacute; d&rsquo;un tel &eacute;v&egrave;nement lorsqu&rsquo;on travaille &agrave; l&rsquo;OMR.</p>\r\n<p class="retrait-de-premi&egrave;re-ligne">Je me suis demand&eacute; comment ils avaient pu passer &agrave; c&ocirc;t&eacute; lors de leur enqu&ecirc;te. &Eacute;taient-ils vraiment pass&eacute;s &agrave; c&ocirc;t&eacute;, d&rsquo;ailleurs&nbsp;? Je ne savais pas grand-chose de l&rsquo;OMR, &agrave; part qu&rsquo;une esp&egrave;ce d&rsquo;ordre sortait du chaos administratif qui semblait la constituer.</p>\r\n<p class="retrait-de-premi&egrave;re-ligne">J&rsquo;ai continu&eacute; &agrave; me taire, intrigu&eacute; d&rsquo;avoir la confirmation que Sarah venait bien de prof&eacute;rer l&rsquo;&eacute;normit&eacute; que j&rsquo;imaginais. Elle a imm&eacute;diatement poursuivi&nbsp;:</p>\r\n<p class="retrait-de-premi&egrave;re-ligne">&ndash;&nbsp;D&rsquo;apr&egrave;s les sympt&ocirc;mes, elle n&rsquo;a pas non plus une longue vie devant elle. Vous rendriez service &agrave; votre jolie religion sans faire de mal &agrave; personne&nbsp;; ou presque, parfois il faut bien soulager de la souffrance.</p>\r\n<p class="retrait-de-premi&egrave;re-ligne">Je n&rsquo;en revenais pas. Beaucoup de gens confondent encore la d&eacute;empathisation avec l&rsquo;absence de sentiments. Comme si on pouvait me demander de sacrifier ma s&oelig;ur comme un robot sans &eacute;motion, tout &ccedil;a pour une religion que j&rsquo;avais rejointe sp&eacute;cifiquement pour la sauver. La col&egrave;re est mont&eacute;e en moi. J&rsquo;&eacute;tais outr&eacute; qu&rsquo;on puisse imaginer une telle l&acirc;chet&eacute; chez moi. Et pire que tout, j&rsquo;&eacute;tais incapable de rentrer en empathie avec Sarah et de comprendre comment elle avait pu en arriver l&agrave;. J&rsquo;avais compl&egrave;tement occult&eacute; &Eacute;liane dont je ne percevais absolument plus rien.</p>\r\n<p class="retrait-de-premi&egrave;re-ligne">&ndash;&nbsp;Vous &ecirc;tes tar&eacute;e. Je ne vais pas sacrifier Cyriaque pour Homeous&nbsp;!</p>\r\n<p class="retrait-de-premi&egrave;re-ligne">&ndash;&nbsp;Et votre vocation&nbsp;?</p>\r\n<p class="retrait-de-premi&egrave;re-ligne">Je commen&ccedil;ais &agrave; la trouver sournoise et j&rsquo;ai not&eacute; de me m&eacute;fier de tout ce qu&rsquo;elle dirait &agrave; partir de maintenant. Pas assez, pourtant&hellip; Elle a continu&eacute;&nbsp;:</p>\r\n<p class="retrait-de-premi&egrave;re-ligne">&ndash;&nbsp;Allons, je ne vous demande pas de commettre un meurtre, mais consid&eacute;rez plut&ocirc;t ceci. Cyriaque n&rsquo;est pas encore encroy&eacute;e. Vous la convainquez de s&rsquo;encroyer dans une des grandes religions m&eacute;dicales puis, en esp&eacute;rant qu&rsquo;ils ne trouvent pas de quoi elle souffre&hellip;</p>\r\n<p class="retrait-de-premi&egrave;re-ligne">&ndash;&nbsp;&hellip; Comment &ccedil;a&nbsp;? J&rsquo;esp&egrave;re au contraire qu&rsquo;ils trouveront&nbsp;!</p>\r\n<p class="retrait-de-premi&egrave;re-ligne">&ndash;&nbsp;De toute fa&ccedil;on, elle a plus de chance de gu&eacute;rir en s&rsquo;encroyant dans une grande religion m&eacute;dicale qu&rsquo;ici &agrave; Homeous, avec tout le respect que je dois &agrave; votre religion.</p>\r\n<p class="retrait-de-premi&egrave;re-ligne">Elle avait touch&eacute; un nerf sensible. De plus en plus, je r&eacute;alisais l&rsquo;absurdit&eacute; de mon encroiement chez Homeous. Ce que je consid&eacute;rais comme la derni&egrave;re chance pour Cyriaque me semblait d&eacute;sormais une erreur de jugement manifeste. Mais je ne pouvais plus revenir en arri&egrave;re. Des larmes me venaient lorsque Sarah a enfonc&eacute; le clou&nbsp;:</p>\r\n<p class="retrait-de-premi&egrave;re-ligne">&ndash;&nbsp;Donc c&rsquo;est gagnant-gagnant&nbsp;: soit votre s&oelig;ur est gu&eacute;rie et vous &ecirc;tes heureux, soit par malheur sa religion ne trouve pas de rem&egrave;de, et alors Homeous peut activer le plan martyr&nbsp;qui consiste &agrave; diffuser partout l&rsquo;image de Cyriaque, morte &agrave; cause des m&eacute;thodes m&eacute;dicales douteuses des grandes religions, puis annoncer conna&icirc;tre la vraie nature de sa maladie et &ecirc;tre en mesure de la soigner. Personne n&rsquo;ira v&eacute;rifier quoique ce soit, il s&rsquo;agit de jouer sur les &eacute;motions des foules et sur la m&eacute;fiance de tout ce qui est conventionnel et a du succ&egrave;s.</p>\r\n<p class="retrait-de-premi&egrave;re-ligne">Je crois que j&rsquo;ai accept&eacute;. Je ne savais plus o&ugrave; j&rsquo;en &eacute;tais. &Eacute;liane n&rsquo;a m&ecirc;me pas donn&eacute; son avis&nbsp;; pas par compassion pour moi &mdash; ce mot devait d&eacute;j&agrave; &ecirc;tre banni de son vocabulaire avant sa d&eacute;empathisation &mdash;, mais parce qu&rsquo;elle sentait instinctivement que cette affaire me concernait moi et moi seul. Et un peu Sarah puisqu&rsquo;elle en &eacute;tait l&rsquo;instigatrice.</p>\r\n<p class="retrait-de-premi&egrave;re-ligne">Apr&egrave;s de longs jours &agrave; me demander comment j&rsquo;allais aborder la question avec Cyriaque, je me suis jet&eacute; &agrave; l&rsquo;eau. Je suis all&eacute; &agrave; l&rsquo;h&ocirc;pital et j&rsquo;ai vu une &eacute;trang&egrave;re. Oh, elle n&rsquo;avait pas chang&eacute;. Pas tant que &ccedil;a en tout cas&nbsp;: son pied en moins ne modifiait pas son visage et sa voix ne s&rsquo;&eacute;tait pas tant d&eacute;grad&eacute;e depuis la derni&egrave;re fois. Mais j&rsquo;avais perdu, en m&ecirc;me temps que mon empathie, une connexion privil&eacute;gi&eacute;e avec elle. Je ne pense pas que l&rsquo;on se soit jamais bien entendu, mais on avait au moins &ccedil;a en commun&nbsp;: on se comprenait l&rsquo;un l&rsquo;autre et &ccedil;a nous suffisait la plupart du temps, peu importe notre avis profond. Rien de tout cela d&eacute;sormais, et Cyriaque s&rsquo;en est imm&eacute;diatement rendu compte. D&egrave;s qu&rsquo;elle m&rsquo;a aper&ccedil;u, elle a murmur&eacute;&nbsp;:</p>\r\n<p class="retrait-de-premi&egrave;re-ligne">&ndash;&nbsp;Tu n&rsquo;es pas mon fr&egrave;re.</p>\r\n<p class="retrait-de-premi&egrave;re-ligne">Et je sais que ce n&rsquo;&eacute;tait ni par fiel, ni une phrase qu&rsquo;elle avait pr&eacute;par&eacute;e pour le moment o&ugrave; elle allait revoir son fr&egrave;re absent depuis trop longtemps. Elle avait l&rsquo;air triste&nbsp;; en tout cas ses joues se sont empourpr&eacute;es et ses yeux sont devenus vitreux. &Ccedil;a ne m&rsquo;a rien fait.</p>\r\n<p class="retrait-de-premi&egrave;re-ligne">Pour la premi&egrave;re fois, je pouvais la d&eacute;crire&nbsp;: ce n&rsquo;&eacute;tait plus ma s&oelig;ur, Cyriaque, mais une fille en sortie d&rsquo;adolescence, trop pr&ecirc;te pour l&rsquo;&acirc;ge adulte. Elle avait un visage ovale, tout en lignes arrondies et encadr&eacute; par une &eacute;norme touffe de cheveux fris&eacute;s. Son menton, lui aussi courbe, comme une petite bourse sous sa bouche, tremblait.</p>\r\n<p class="retrait-de-premi&egrave;re-ligne">Je m&rsquo;en voulais de ne rien ressentir face &agrave; sa d&eacute;tresse, je ne comprenais pas pourquoi ma gorge ne se serrait pas, pourquoi je n&rsquo;avais pas envie, comme avant, de la prendre dans mes bras. J&rsquo;avais besoin de hurler qu&rsquo;elle non plus, elle n&rsquo;&eacute;tait plus ma s&oelig;ur, mais un dernier instinct pr&eacute;servateur m&rsquo;en a emp&ecirc;ch&eacute;.</p>\r\n<p class="retrait-de-premi&egrave;re-ligne">J&rsquo;avais potass&eacute; mon sujet et je ne me suis pas embourb&eacute; dans des discussions inutiles sur son &eacute;tat de sant&eacute;, sa forme du moment ou sa relation avec le personnel soignant quasi inexistant de cet h&ocirc;pital catastrophique. J&rsquo;ai essay&eacute; de rester le plus gai possible&nbsp;:</p>\r\n<p class="retrait-de-premi&egrave;re-ligne">&ndash;&nbsp;Le mois prochain, tu vas devoir choisir une religion&nbsp;! Tu sais, j&rsquo;ai un peu r&eacute;fl&eacute;chi pour toi et&hellip;</p>\r\n<p class="retrait-de-premi&egrave;re-ligne">&ndash;&nbsp;T&rsquo;emb&ecirc;tes pas Ray, je&hellip;</p>\r\n<p class="retrait-de-premi&egrave;re-ligne">&ndash;&nbsp;&hellip; Laisse-moi finir&nbsp;! C&rsquo;est important&nbsp;! J&rsquo;ai d&eacute;got&eacute; quelques religions m&eacute;dicales qui pourraient t&rsquo;aider &agrave; vaincre ta maladie l&agrave;.</p>\r\n<p class="retrait-de-premi&egrave;re-ligne">&ndash;&nbsp;Ma pote&hellip;</p>\r\n<p class="retrait-de-premi&egrave;re-ligne">&ndash;&nbsp;Oui ta pote insupportable. Les deux meilleures &agrave; mon sens, c&rsquo;est Hypocrate Inc., dans laquelle tu es s&ucirc;r d&rsquo;&ecirc;tre accueillie dans un des nombreux h&ocirc;pitaux de grand standing, et en plus ils acceptent toujours des encroy&eacute;s sans trop de conditions&nbsp;! Ensuite il y a Fronti&egrave;res &amp; M&eacute;decine, dont les services sont un peu moins avanc&eacute;s, mais tout aussi solides et ils demandent encore moins de contreparties de la part de leurs encroy&eacute;s&nbsp;!</p>\r\n<p class="retrait-de-premi&egrave;re-ligne">&ndash;&nbsp;Ray&nbsp;!</p>\r\n<p class="retrait-de-premi&egrave;re-ligne">J&rsquo;ai &eacute;t&eacute; surpris par son ton imp&eacute;rieux, et je me suis tu. Elle a repris&nbsp;:</p>\r\n<p class="retrait-de-premi&egrave;re-ligne">&ndash;&nbsp;Tu te souviens que tu m&rsquo;avais promis &laquo;&nbsp;n&rsquo;importe quoi&nbsp;&raquo; en &eacute;change de mon silence lors de l&rsquo;enqu&ecirc;te de l&rsquo;OMR&nbsp;? Eh bien il est temps de tenir ta promesse&nbsp;: je ne veux pas que tu te m&ecirc;les de mon encroiement. J&rsquo;ai d&eacute;j&agrave; d&eacute;cid&eacute; et je vais m&rsquo;encroyer chez Vox Dei.</p>\r\n<p class="retrait-de-premi&egrave;re-ligne">&ndash;&nbsp;Ne me dis pas que tu vas sacrifier ta sant&eacute; pour cette sombre religion sur&hellip; le chant&nbsp;?</p>\r\n<p class="retrait-de-premi&egrave;re-ligne">&ndash;&nbsp;Et alors&nbsp;? C&rsquo;est &ccedil;a que je veux, et je crois que ma pote le veut aussi. Elle a arr&ecirc;t&eacute; de d&eacute;foncer ma voix depuis qu&rsquo;elle m&rsquo;a pris un pied, et je peux recommencer &agrave; chanter presque normalement&hellip;</p>\r\n<p class="retrait-de-premi&egrave;re-ligne">J&rsquo;ai vu rouge. Je ne comprenais pas son choix, j&rsquo;ignorais pourquoi elle ne souscrivait pas &agrave; mon plan &mdash; au plan de Sarah &mdash;, et surtout je me retrouvais compl&egrave;tement d&eacute;sempar&eacute;, sans arme, avec mon empathie d&eacute;ficiente, pour la convaincre. J&rsquo;avais toujours su obtenir plus ou moins ce que je voulais d&rsquo;elle en incarnant le grand fr&egrave;re un peu b&ecirc;te qui l&rsquo;attendrissait. Mais je ne savais d&eacute;sormais plus quelle partition jouer, j&rsquo;avais perdu mon oreille &eacute;motionnelle. De rage, j&rsquo;ai balanc&eacute; mon poing contre le panneau de la porte qui s&rsquo;est creus&eacute; sur un bon centim&egrave;tre. Puis j&rsquo;ai regard&eacute; mon point &eacute;carlate dans lequel des petits vaisseaux avaient &eacute;clat&eacute;.</p>\r\n<p class="retrait-de-premi&egrave;re-ligne">Je me suis retourn&eacute; vers Cyriaque et j&rsquo;ai lu la peur dans ses yeux</p>\r\n<p class="retrait-de-premi&egrave;re-ligne">Elle n&rsquo;avait jamais eu peur de rien&nbsp;: ni de mes parents, ni de la vie, ni de sa pote. Pour la premi&egrave;re fois, je voyais ma petite s&oelig;ur terrifi&eacute;e, et j&rsquo;&eacute;tais la cause de cette terreur.</p>\r\n<p class="retrait-de-premi&egrave;re-ligne">Je me suis enfui en courant.</p>\r\n<p class="retrait-de-premi&egrave;re-ligne">La suite, je l&rsquo;ai faite pour elle, et je ne m&rsquo;en justifierai jamais assez. Cette histoire, je l&rsquo;ai d&eacute;j&agrave; &eacute;crite et je la r&eacute;&eacute;cris r&eacute;guli&egrave;rement parce que j&rsquo;ai besoin de l&rsquo;analyser&nbsp;: j&rsquo;ai perdu toute autre grille de lecture. Je mobilise les souvenirs pour savoir dans quel &eacute;tat d&rsquo;esprit j&rsquo;&eacute;tais &agrave; ce moment-l&agrave; et ce qui m&rsquo;y a amen&eacute;.</p>\r\n<p class="retrait-de-premi&egrave;re-ligne">J&rsquo;avais une connaissance chez Vox Dei. Pas une relation intime ni m&ecirc;me proche, mais l&rsquo;ami d&rsquo;une amie de Cyriaque que j&rsquo;avais rencontr&eacute; au cours d&rsquo;une soir&eacute;e. Nous avions aussi bien accroch&eacute; que deux personnes peuvent superficiellement accrocher, si bien que nous &eacute;tions encore en contact tr&egrave;s irr&eacute;gulier.</p>\r\n<p class="retrait-de-premi&egrave;re-ligne">Je lui ai fait miroiter des retrouvailles sympas autour d&rsquo;un verre. Il &eacute;tait devenu encroyant et cette agr&eacute;able alchimie qui nous avait rapproch&eacute;s lors de notre rencontre, cette tension amicale qui ne demandait qu&rsquo;&agrave; &ecirc;tre explor&eacute;e, avait compl&egrave;tement disparu. J&rsquo;en &eacute;tais un peu d&eacute;sol&eacute;, mais cela m&rsquo;a facilit&eacute; la t&acirc;che, puisque la conversation s&rsquo;est rapidement tarie. Je lui ai expos&eacute; le probl&egrave;me avec Cyriaque, le fait qu&rsquo;elle allait s&rsquo;encroyer au d&eacute;triment de sa sant&eacute; et qu&rsquo;il fallait absolument faire barrage &agrave; sa lubie enfantine.</p>\r\n<p class="retrait-de-premi&egrave;re-ligne">J&rsquo;ai d&rsquo;abord cru qu&rsquo;il ne m&rsquo;aiderait pas. Il a d&eacute;ball&eacute; le refrain classique sur l&rsquo;autonomie de tout un chacun et sur l&rsquo;importance de ne pas influer, hors propagande, sur les choix d&rsquo;encroiement. Je lui ai soutenu que c&rsquo;&eacute;tait un cas de force majeure et qu&rsquo;il s&rsquo;agissait de prot&eacute;ger Cyriaque contre elle-m&ecirc;me et contre la folie qui la consumait peu &agrave; peu. Je crois qu&rsquo;il y a &eacute;t&eacute; un peu sensible.</p>\r\n<p class="retrait-de-premi&egrave;re-ligne">Il a accept&eacute; de m&rsquo;aider.</p>\r\n<p class="retrait-de-premi&egrave;re-ligne">Et il l&rsquo;a fait. Du moins les &eacute;v&egrave;nements en attestent, car je ne l&rsquo;ai pas revu depuis.</p>\r\n<p class="retrait-de-premi&egrave;re-ligne">En revanche, Cyriaque est venue me trouver le lendemain de son encroiement th&eacute;orique. Elle &eacute;tait furieuse et avait sans doute compris ma petite combine. Elle a d&eacute;barqu&eacute; chez moi, rouge comme jamais, brandissant une b&eacute;quille et s&rsquo;appuyant sur une proth&egrave;se de fortune qui m&rsquo;a bris&eacute; le c&oelig;ur. Elle faisait de larges mouvements de t&ecirc;te, comme toujours quand elle s&rsquo;&eacute;nervait, et ses cheveux se d&eacute;pla&ccedil;aient comme un flan autour de son visage&nbsp;:</p>\r\n<p class="retrait-de-premi&egrave;re-ligne">&ndash;&nbsp;&Agrave; quoi tu joues Ray&nbsp;? Tu veux ruiner ma vie&nbsp;?</p>\r\n<p class="retrait-de-premi&egrave;re-ligne">J&rsquo;ai feint la surprise&nbsp;; j&rsquo;&eacute;tais &eacute;tonn&eacute; de voir &agrave; quel point le mensonge, qui m&rsquo;&eacute;tait inaccessible auparavant, &eacute;tait devenu d&rsquo;une facilit&eacute; d&eacute;concertante. J&rsquo;imagine que c&rsquo;est cette a priori impossibilit&eacute; qui a d&eacute;stabilis&eacute; Cyriaque. Je ne pense pas qu&rsquo;elle m&rsquo;ait cru, mais le doute s&rsquo;est suffisamment immisc&eacute; en elle pour qu&rsquo;elle ne m&rsquo;accable pas.</p>\r\n<p class="retrait-de-premi&egrave;re-ligne">Elle s&rsquo;est effondr&eacute;e sur un pouf et m&rsquo;a expliqu&eacute;&nbsp;:</p>\r\n<p class="retrait-de-premi&egrave;re-ligne">&ndash;&nbsp;Je ne peux pas m&rsquo;encroyer chez Vox Dei. Pas assez de place et trop fragile, ils ont dit. J&rsquo;avais pourtant appris &agrave; marcher sans ces saloperies pour faire bonne figure lors de l&rsquo;entretien. Peut-&ecirc;tre que ma voix a pris plus cher que ce que je croyais. Non&nbsp;?</p>\r\n<p class="retrait-de-premi&egrave;re-ligne">Elle me regardait en me suppliant de lui donner une raison. Je ne m&rsquo;en suis pas &eacute;mu et &ccedil;a m&rsquo;a mis en col&egrave;re. Peut-&ecirc;tre parce que j&rsquo;ai eu l&rsquo;impression qu&rsquo;elle essayait de me manipuler et que je pouvais enfin voir clair dans sa combine. Peut-&ecirc;tre aussi parce que je n&rsquo;&eacute;tais plus capable d&rsquo;exp&eacute;rimenter la moindre connexion avec ma propre s&oelig;ur.</p>\r\n<p class="retrait-de-premi&egrave;re-ligne">J&rsquo;ai d&eacute;cid&eacute; de jouer sur la corde sensible&nbsp;:</p>\r\n<p class="retrait-de-premi&egrave;re-ligne">&ndash;&nbsp;Ils ont de tr&egrave;s bons traitements pour la voix chez Hypocrate Inc. Et une grosse force de recherche. Peut-&ecirc;tre qu&rsquo;ils arriveront plus rapidement que tu crois &agrave; te d&eacute;barrasser de ta pote. Si tu n&rsquo;y vas pas, ils ne pourront jamais la conna&icirc;tre ni l&rsquo;&eacute;tudier de toute fa&ccedil;on. Tu t&rsquo;encroies chez eux, et rien ne t&rsquo;emp&ecirc;chera de chanter en loisir plus tard, quand tu seras gu&eacute;rie&nbsp;!</p>\r\n<p class="retrait-de-premi&egrave;re-ligne">Elle a sembl&eacute; r&eacute;fl&eacute;chir quelques secondes, mais je pense que sa d&eacute;cision &eacute;tait prise depuis longtemps&nbsp;: faute de choix et parce qu&rsquo;elle n&rsquo;&eacute;tait pas pr&ecirc;te &agrave; embrasser le nihilisme. Elle avait trop peur du jugement des autres, et cette petite &eacute;tincelle de conformisme l&rsquo;en emp&ecirc;chait malgr&eacute; ce qu&rsquo;elle avait souvent clam&eacute;.</p>\r\n<p class="retrait-de-premi&egrave;re-ligne">Comme pr&eacute;vu, elle s&rsquo;est encroy&eacute;e chez Hypocrate Inc.</p>\r\n<p class="retrait-de-premi&egrave;re-ligne">&Eacute;liane m&rsquo;a marmonn&eacute; une vague f&eacute;licitation lorsque j&rsquo;ai annonc&eacute; la nouvelle, et Sarah m&rsquo;a offert un grand sourire. Mais je n&rsquo;&eacute;tais pas du tout accord&eacute; avec elles&nbsp;: de mon c&ocirc;t&eacute; j&rsquo;esp&eacute;rais de tout c&oelig;ur que le plan &eacute;choue. Je m&rsquo;en moquais un peu d&rsquo;Homeous. Sarah a cess&eacute; de travailler avec nous, nous a souhait&eacute; bonne chance pour l&rsquo;application du plan et est partie aider une autre religion en difficult&eacute;. Nous n&rsquo;avions plus besoin d&rsquo;elle et aucun indicateur de temps concernant ce plan stupide.</p>\r\n<p class="retrait-de-premi&egrave;re-ligne">Quelques ann&eacute;es ont pass&eacute;, je me suis &eacute;loign&eacute; de Cyriaque. Je ne ressentais plus vraiment la n&eacute;cessit&eacute; de prendre des nouvelles. Elle se battait face &agrave; la maladie, d&rsquo;apr&egrave;s ce que m&rsquo;ont dit mes parents. Incapable de renoncer, elle a perdu une main, puis le deuxi&egrave;me pied, et ses poumons ont commenc&eacute; &agrave; la faire souffrir atrocement. Hypocrate Inc. ne faisait pas vraiment d&rsquo;efforts pour &eacute;tudier son mal&nbsp;: Cyriaque &eacute;tait la seule contamin&eacute;e connue et &ccedil;a ne valait pas le coup d&rsquo;y consacrer de l&rsquo;&eacute;nergie. Par contre ils sont parfaitement arriv&eacute;s &agrave; att&eacute;nuer sa douleur et &agrave; faire en sorte qu&rsquo;elle vive d&eacute;cemment.</p>\r\n<p class="retrait-de-premi&egrave;re-ligne">C&rsquo;&eacute;tait pour ainsi dire le pire pour moi&nbsp;: une situation entre sa r&eacute;mission totale et l&rsquo;application du plan de r&eacute;demption d&rsquo;Homeous qui ne me satisfaisait pas du tout. Comme personne ne semblait vouloir faire d&rsquo;effort vers la gu&eacute;rison, j&rsquo;ai d&eacute;cid&eacute; un jour d&rsquo;acc&eacute;l&eacute;rer un peu l&rsquo;utilit&eacute; de ma s&oelig;ur. Je n&rsquo;avais pratiquement plus aucun lien avec elle, le peu de nouvelles que j&rsquo;en obtenais me mettait dans une col&egrave;re noire que j&rsquo;avais de plus en plus de mal &agrave; dissimuler devant mes parents. La solution rationnelle consistait donc &agrave; forcer le destin, comme me l&rsquo;avait dit Sarah Prat.</p>\r\n<p class="retrait-de-premi&egrave;re-ligne">J&rsquo;en ai parl&eacute; &agrave; &Eacute;liane qui, au lieu de m&rsquo;encourager, a soupir&eacute; de soulagement en ahanant qu&rsquo;elle se demandait bien quand je me d&eacute;ciderais enfin &agrave; agir.</p>\r\n<p class="retrait-de-premi&egrave;re-ligne">Je n&rsquo;avais plus qu&rsquo;&agrave; choisir un mode op&eacute;ratoire. Comme elle avait de plus en plus de difficult&eacute;s &agrave; respirer, peut-&ecirc;tre que&hellip;</p>\r\n<div id="tap-translate">&nbsp;</div>\r\n<div id="tap-translate">&nbsp;</div>\r\n<div id="tap-translate">&nbsp;</div>\r\n<div id="tap-translate">&nbsp;</div>\r\n<div id="tap-translate">&nbsp;</div>\r\n<div id="tap-translate">&nbsp;</div>\r\n<div id="tap-translate">&nbsp;</div>\r\n<div id="tap-translate">&nbsp;</div>\r\n</div>\r\n<p>&nbsp;</p>	Ray décide de sacrifier une partie de sa vie pour guider la rémission de sa sœur Cyriaque. Mais ses choix discutables risquent au contraire de tout faire déraper. Dès lors, qui sera réellement sacrifié ?	2023-03-07 12:43:08+00
2	Une alvéole, une vie	<p>Il &eacute;tait quatorze heures, la soir&eacute;e battait son plein.</p>\r\n<p>La vieille climatisation luttait dans un coin contre la touffeur du salon. Tous les volets avaient &eacute;t&eacute; ferm&eacute;s pour donner une impression nocturne, mais quelques rais de lumi&egrave;res dissidents alt&eacute;raient l&rsquo;illusion. L&rsquo;un d&rsquo;entre eux tentait r&eacute;guli&egrave;rement de percer la r&eacute;tine de Cinqueterre qui bougeait sa t&ecirc;te &agrave; droite et &agrave; gauche pour l&rsquo;&eacute;viter.</p>\r\n<p>Engonc&eacute;e entre Esther et Alicien, la jeune fille &eacute;touffait. La peau nue de ses cuisses avait fusionn&eacute; avec le ska&iuml; du canap&eacute;. Elle essaya de se relever en s&rsquo;appuyant sur le mur derri&egrave;re elle, mais regretta aussit&ocirc;t son geste&nbsp;: celui-ci &eacute;tait poisseux de sueur condens&eacute;e. Elle essuya discr&egrave;tement sa main sur le T-shirt d&rsquo;Alicien, mais au vu de l&rsquo;&eacute;tat de celui-ci, douta de la pertinence de l&rsquo;op&eacute;ration.</p>\r\n<p>La maison toute enti&egrave;re pulsait sous l&rsquo;assaut des basses intramurales et une deuxi&egrave;me bi&egrave;re venait d&rsquo;arroser le carrelage quand Alicien demanda &agrave; Cinqueterre de sa voix nasillarde&nbsp;:</p>\r\n<p>&mdash;&nbsp;Alors, &ccedil;a fait quoi d&rsquo;&ecirc;tre une nihilarde&nbsp;?</p>\r\n<p>Le jeune homme, avec ses cheveux parfaitement lisses et sa barbe naissante, insupportait Cinqueterre. Sa question, pos&eacute;e par pure m&eacute;chancet&eacute;, n&rsquo;allait pas le lui faire para&icirc;tre plus sympathique.</p>\r\n<p>&mdash;&nbsp;Techniquement, elle ne l&rsquo;est pas encore, r&eacute;pondit Esther &agrave; sa place.</p>\r\n<p>&mdash;&nbsp;En effet. Peut-&ecirc;tre qu&rsquo;elle va changer d&rsquo;avis au dernier moment. Apr&egrave;s tout, tu n&rsquo;es s&ucirc;rement pas la seule girouette ici.</p>\r\n<p>Alicien faisait r&eacute;f&eacute;rence &agrave; la volont&eacute; d&rsquo;Esther de ne pas &ecirc;tre associ&eacute;e &agrave; un genre unique, mais d&rsquo;&ecirc;tre libre d&rsquo;en choisir selon son humeur. M&ecirc;me si aujourd&rsquo;hui, c&rsquo;&eacute;tait &laquo;&nbsp;elle&nbsp;&raquo;, elle tenait beaucoup &agrave; cette flexibilit&eacute; qui s&rsquo;accordait parfaitement avec sa nouvelle religion LGBT+.</p>\r\n<p>Cinqueterre posa une main moite sur le bras de son amie dans un geste qui signifiait &laquo;&nbsp;Laisse, ne rentre pas dans ce jeu-l&agrave;&nbsp;&raquo;.</p>\r\n<p>&mdash;&nbsp;Au moins, aucune religion ne me contraint &agrave; tenir une soir&eacute;e dans l&rsquo;apr&egrave;s-midi parce que le soir est r&eacute;serv&eacute; &agrave; la famille, cingla Cinqueterre.</p>\r\n<p>Elle faisait r&eacute;f&eacute;rence &agrave; leur h&ocirc;te du jour, Th&eacute;odore, qui f&ecirc;tait aujourd&rsquo;hui ses vingt ans. Il avait choisi de s&rsquo;encroyer chez Valeurs d&rsquo;Antan, qui astreignait ses membres &agrave; consacrer certaines p&eacute;riodes de la journ&eacute;e &agrave; leur famille. Dans le cadre de Th&eacute;odore, cette obligation n&rsquo;avait cependant aucun sens puisqu&rsquo;il &eacute;tait c&eacute;libataire et qu&rsquo;il demeurait seul dans la maison de ses parents d&eacute;c&eacute;d&eacute;s.</p>\r\n<p>La remarque de Cinqueterre &eacute;tait mesquine et elle s&rsquo;en voulut de ne pas s&rsquo;&ecirc;tre contenue. Heureusement, Th&eacute;odore n&rsquo;avait pas entendu, occup&eacute; qu&rsquo;il &eacute;tait &agrave; essayer de former un embryon de famille avec Dehlia, une petite rousse rondelette au rire communicatif.</p>\r\n<p>Satisfait de l&rsquo;avoir pouss&eacute;e &agrave; cette saillie mauvaise, Alicien se laissa aller quelques instants &agrave; son ricanement de hy&egrave;ne, puis s&rsquo;en alla recharger son spiritueux.</p>\r\n<p>&mdash;&nbsp;Pourquoi tu tombes syst&eacute;matiquement dans ses panneaux&nbsp;? soupira Esther.</p>\r\n<p>&mdash;&nbsp;C&rsquo;est plus fort que moi. Il me d&eacute;becte presque autant que les rognons. Il est l&agrave; &agrave; se pavaner sur le moindre sujet, &agrave; critiquer tout ce qui lui passe sous le nez. Et le pire, c&rsquo;est qu&rsquo;on ne sait toujours pas en quoi il croit&nbsp;!</p>\r\n<p>&mdash;&nbsp;Tu ne devrais pas prendre &ccedil;a &agrave; la l&eacute;g&egrave;re, reprit Esther. Tu vas vraiment finir nihilarde. Tu auras vingt ans dans un mois et tu n&rsquo;as toujours pas la moindre id&eacute;e de chez qui tu vas t&rsquo;encroyer&nbsp;!</p>\r\n<p>&mdash;&nbsp;Nihilarde, c&rsquo;est le pied&nbsp;! Pas de contrainte stupide, pas de r&egrave;gles, pas de communaut&eacute;.</p>\r\n<p>&mdash;&nbsp;Tu ne peux pas dire &ccedil;a s&eacute;rieusement. Tous les nihilards sont des d&eacute;chets. On a tous vingt ans cette ann&eacute;e, et on s&rsquo;est tous encroy&eacute;s. Sauf toi&nbsp;! Tu sais, si tu d&eacute;cides de t&rsquo;encroyer chez LGBT+&hellip;</p>\r\n<p>&mdash;&nbsp;Ah non&nbsp;! Pas de pros&eacute;lytisme en soir&eacute;e&nbsp;!</p>\r\n<p>Cinqueterre avala une grosse rasade du spiritueux &agrave; la violette bon march&eacute; qu&rsquo;elle avait ramen&eacute; &agrave; la f&ecirc;te. Elle jeta un coup d&rsquo;&oelig;il aux motiv&eacute;s du groupe qui se chargeaient de la cuisine&nbsp;: une v&eacute;ritable prouesse vu les restrictions alimentaires qu&rsquo;imposaient les diff&eacute;rentes religions auxquelles ils avaient presque tous choisi d&rsquo;adh&eacute;rer.</p>\r\n<p>L&rsquo;alcool commen&ccedil;ait &agrave; monter &agrave; la t&ecirc;te de Cinqueterre. Elle enla&ccedil;a Esther, embrassa sa joue humide, inspira son odeur &eacute;pic&eacute;e, puis expira longuement. Son souffle per&ccedil;a l&rsquo;atmosph&egrave;re rendue brumeuse par les vaporisateurs de tabac, formant quelques volutes qui tournoy&egrave;rent jusqu&rsquo;&agrave; d&eacute;voiler le visage d&rsquo;Alicien. Il revenait &agrave; la charge avec son air daubeur&nbsp;:</p>\r\n<p>&mdash;&nbsp;H&eacute; Patchwork, ton gosse braille dans la salle de bain.</p>\r\n<p>Cinqueterre soupira, prit une bonne bouff&eacute;e de fum&eacute;e aromatis&eacute;e &agrave; la sueur, puis emprunta les couloirs &eacute;troits de la maison. Une fois dans la salle de bain, elle ignora les hurlements du b&eacute;b&eacute; couch&eacute; dans le lavabo et regarda quelques instants son reflet. On ne l&rsquo;avait plus appel&eacute;e Patchwork depuis la fin de son Deuxi&egrave;me Cat&eacute;chisme. Alicien venait de r&eacute;veiller une souffrance qu&rsquo;elle avait cherch&eacute; &agrave; enfouir derri&egrave;re ses airs joviaux et son insouciance.</p>\r\n<p>Son visage n&rsquo;avait aucun d&eacute;faut majeur&nbsp;: un petit nez retrouss&eacute;, des l&egrave;vres fines peu marqu&eacute;es, des joues pleines sans &ecirc;tre rondes, des sourcils bien dessin&eacute;s qui ne se rejoignaient jamais. M&ecirc;me son front un peu haut &eacute;tait cach&eacute; par les m&egrave;ches indisciplin&eacute;es de ses cheveux courts. Non, aucun d&eacute;faut majeur, &agrave; part sa peau&nbsp;: celle-ci arborait diff&eacute;rentes teintes, du rose poudr&eacute; au noir le plus sombre. Toutes ces couleurs formaient un genre de mosa&iuml;que dont il &eacute;tait compliqu&eacute; de d&eacute;tourner le regard. On lui avait dit que c&rsquo;&eacute;tait l&agrave; une maladie g&eacute;n&eacute;tique peu courante&nbsp;; elle maudissait ses g&ecirc;nes et tous ceux qui, avant elle, poss&eacute;daient les m&ecirc;mes sans porter ce fardeau.</p>\r\n<p>Irrit&eacute;e d&rsquo;avoir &eacute;t&eacute; ramen&eacute;e &agrave; cette anomalie par Alicien, elle cracha sur le miroir. La glaire violette atteignit en plein front son reflet qu&rsquo;elle nargua d&rsquo;un sourire carnassier.</p>\r\n<p>Elle s&rsquo;int&eacute;ressa enfin au marmot.</p>\r\n<p>Il chouinait et son visage, qui avait l&rsquo;outrecuidance d&rsquo;&ecirc;tre normal, &eacute;tait inond&eacute; de larmes. Elle avait bien &eacute;t&eacute; oblig&eacute;e de l&rsquo;amener&nbsp;: ses parents refusaient de s&rsquo;en occuper depuis qu&rsquo;elle avait rejet&eacute; leur proposition de s&rsquo;encroyer chez Christ B.C. &agrave; sa majorit&eacute;, et tous ses amis participaient &agrave; la f&ecirc;te. Alors elle l&rsquo;avait d&eacute;pos&eacute; dans le lavabo, bien cal&eacute; sur une petite serviette confortable. Qu&rsquo;on n&rsquo;aille pas dire qu&rsquo;elle &eacute;tait une mauvaise m&egrave;re&nbsp;!</p>\r\n<p>Elle le prit dans les bras et s&rsquo;assit sur le bord de la baignoire.</p>\r\n<p>La t&ecirc;te ailleurs, elle essaya de caresser la joue de son enfant, mais celle-ci &eacute;tait trop humide et son doigt peinait &agrave; glisser. Agac&eacute; par le contact rugueux, le b&eacute;b&eacute; se remit &agrave; pleurer. Cinqueterre n&rsquo;en pouvait d&eacute;j&agrave; plus. Pourtant elle intima &agrave; ses nerfs en pelote de se calmer. Elle imprima doucement ses l&egrave;vres contre le front du bambin et le ber&ccedil;a lentement.</p>\r\n<p>Dans son esprit se livrait un combat infini. Le David de sa volont&eacute; nihilarde se battait contre le Goliath de l&rsquo;imp&eacute;rieuse n&eacute;cessit&eacute; sociale de s&rsquo;encroyer. Elle avait sans difficult&eacute; tenu t&ecirc;te &agrave; ses parents sur ce sujet, mais elle ignorait combien de temps elle allait r&eacute;sister aux tentatives de culpabilisation r&eacute;p&eacute;t&eacute;es de ses amis. Esther tout particuli&egrave;rement&nbsp;: elle tenait beaucoup trop &agrave; elle et son avis avait beaucoup plus d&rsquo;importance qu&rsquo;elle n&rsquo;osait se l&rsquo;avouer.</p>\r\n<p>Alors qu&rsquo;elle songeait &agrave; la fa&ccedil;on dont elle devait pr&eacute;senter les choses pour qu&rsquo;on la laisse enfin tranquille, quelqu&rsquo;un frappa &agrave; la porte. Avec l&rsquo;espoir furieux que ce ne fut pas Alicien, Cinqueterre lan&ccedil;a d&rsquo;une voix faible&nbsp;:</p>\r\n<p>&mdash;&nbsp;Oui&nbsp;?</p>\r\n<p>Esther entra dans la salle de bain.</p>\r\n<p>Cinqueterre s&rsquo;&eacute;mut une nouvelle fois de ce look androgyne que son amie pouvait modeler &agrave; volont&eacute;, s&rsquo;attachant consciencieusement &agrave; brouiller les d&eacute;sirs et les pronoms. Sans surprise, Alicien ne supportait pas cela, accroch&eacute; qu&rsquo;il &eacute;tait aux structures d&eacute;finitives qu&rsquo;il aimait donner aux choses. Cinqueterre, de son c&ocirc;t&eacute;, adorait cet aspect tant&ocirc;t solide, tant&ocirc;t liquide, qui lui faisait penser &agrave; du miel.</p>\r\n<p>Esther vint s&rsquo;asseoir sur le bord de la baignoire. Ses cheveux mi-longs lui collaient au front, aux tempes et aux joues. Elle avait l&rsquo;air pein&eacute; quand elle posa la t&ecirc;te sur l&rsquo;&eacute;paule de Cinqueterre&nbsp;:</p>\r\n<p>&mdash;&nbsp;Pourquoi tu n&rsquo;as pas avort&eacute;&nbsp;?</p>\r\n<p>&mdash;&nbsp;Mes parents m&rsquo;ont&hellip;</p>\r\n<p>&mdash;&nbsp;&hellip; interdit de le faire parce que Christ B.C. ne l&rsquo;autorise pas, je sais, coupa Esther. Je d&eacute;teste ce principe selon lequel les mineurs sont soumis aux m&ecirc;mes r&egrave;gles que celles de la religion de leurs parents. Raison de plus pour bien choisir ta religion, non&nbsp;?</p>\r\n<p>&mdash;&nbsp;Raison de plus pour ne pas en choisir du tout, oui&hellip;</p>\r\n<p>Esther semblait r&eacute;ellement pein&eacute;e par l&rsquo;obstination de Cinqueterre. Elle soupira, chatouilla sans conviction le ventre mou du b&eacute;b&eacute; dont les pleurs avaient cess&eacute;, puis revint &agrave; la charge&nbsp;:</p>\r\n<p>&mdash;&nbsp;Tu devrais aller voir un conseiller de l&rsquo;OMR. J&rsquo;&eacute;tais dans le m&ecirc;me cas que toi, mais j&rsquo;ai quand m&ecirc;me fait l&rsquo;effort de me renseigner. Tu trouveras forc&eacute;ment une chose &agrave; laquelle tu as envie de croire. Au pire, tu n&rsquo;as qu&rsquo;&agrave; fonder ta propre h&eacute;r&eacute;sie&nbsp;: ce n&rsquo;est pas le choix qui manque, mais encore un peu de diversit&eacute; ne peut pas faire de mal. Et puis, &agrave; quoi d&rsquo;autre pourrais-tu aspirer&nbsp;? Tu ne veux pas donner un sens &agrave; ta vie&nbsp;?</p>\r\n<p>&mdash;&nbsp;&Eacute;coute, Esther, je ne sais pas. Avant, les gens travaillaient pour donner un sens &agrave; leur vie, ils cr&eacute;aient&hellip;</p>\r\n<p>&mdash;&nbsp;Et c&rsquo;&eacute;tait mieux avant et blablabla&nbsp;! Tu te fourvoies compl&egrave;tement. Le travail n&rsquo;a jamais rendu personne heureux. Pourquoi crois-tu que les R sont d&eacute;sentimentis&eacute;s&nbsp;? Ce serait &agrave; devenir fou, autrement&nbsp;!</p>\r\n<p>&mdash;&nbsp;&Agrave; t&rsquo;&eacute;couter, on pourrait croire qu&rsquo;il suffit de se choisir des valeurs sur un catalogue pour supporter la vanit&eacute; de la vie&nbsp;!</p>\r\n<p>&mdash;&nbsp;&Ccedil;a ne co&ucirc;te rien d&rsquo;essayer.</p>\r\n<p>&mdash;&nbsp;Tr&egrave;s bien, tr&egrave;s bien&nbsp;! J&rsquo;irai voir un conseiller. Je ne te promets pas que je serai encroy&eacute; pour mes vingt ans, mais j&rsquo;irai voir&nbsp;!</p>\r\n<p>Esther parut satisfaite. Elle embrassa Cinqueterre sur la joue et quitta la salle de bain.</p>\r\n<p>&mdash;&nbsp;Viens, souffla Cinqueterre &agrave; son b&eacute;b&eacute;.</p>\r\n<p>Puis elle abandonna ses amis sans faire sa tourn&eacute;e d&rsquo;adieux.</p>\r\n<p>***</p>\r\n<p>Le si&egrave;ge local de l&rsquo;OMR se trouvait en bordure de la Promenade des Anglais. La froideur du b&acirc;timent de verre jurait avec l&rsquo;activit&eacute; qui r&eacute;gnait sur le bord de mer.</p>\r\n<p>Cinqueterre se faisait l&rsquo;effet d&rsquo;une touriste avec son bandeau, sa chemise large, son short court et le b&eacute;b&eacute; dans sa poche ventrale. Les regards suspicieux dont on la gratifiait ne l&rsquo;aid&egrave;rent pas &agrave; se sentir plus &agrave; l&rsquo;aise. L&rsquo;int&eacute;rieur ressemblait &agrave; une immense biblioth&egrave;que o&ugrave; les livres auraient &eacute;t&eacute; remplac&eacute;es par des centaines d&rsquo;alv&eacute;oles dans lesquelles les conseillers accueillaient les citoyens.</p>\r\n<p>Elle rejoignit une borne automatique, laquelle lui d&eacute;livra apr&egrave;s une v&eacute;rification d&rsquo;identit&eacute; une carte num&eacute;rot&eacute;e S37&nbsp;: c&rsquo;&eacute;tait le num&eacute;ro de l&rsquo;alv&eacute;ole dans laquelle elle allait &ecirc;tre re&ccedil;ue. Elle se dirigea d&rsquo;un pas lent vers l&rsquo;all&eacute;e S et rep&eacute;ra au troisi&egrave;me niveau son conseiller. Celui-ci ressemblait l&eacute;g&egrave;rement &agrave; Alicien, ce qui n&rsquo;augurait rien de bon.</p>\r\n<p>Apr&egrave;s avoir failli tourner les talons et abandonner sa promesse &agrave; Esther, Cinqueterre monta sur la petite plateforme qui la d&eacute;posa juste devant la porte de la S37. Elle entra et, sur la demande du conseiller, s&rsquo;assit en face de lui.</p>\r\n<p>&mdash;&nbsp;Bonjour, fit-elle.</p>\r\n<p>L&rsquo;autre d&eacute;tailla son visage. Un fr&eacute;missement agita le coin gauche de sa bouche, mais il reprit vite contenance. Un professionnel.</p>\r\n<p>&mdash;&nbsp;Bienvenue &agrave; l&rsquo;Organisme de M&eacute;diation Religieuse, Madame Cinqueterre Scherzoso.</p>\r\n<p>&mdash;&nbsp;On prononce Chinquou&eacute;t&eacute;r&eacute;.</p>\r\n<p>&mdash;&nbsp;Ah. Vous voulez dire comme les Cinque Terre, ces villages bariol&eacute;s sur la c&ocirc;te de l&rsquo;Ancienne Italie&nbsp;?</p>\r\n<p>Cinqueterre hocha la t&ecirc;te et le professionnalisme de son interlocuteur se d&eacute;lita. Les parents de la jeune fille l&rsquo;avaient affubl&eacute; d&rsquo;un pr&eacute;nom &eacute;voquant la multitude de couleurs qui lui couvrait le visage. Ils avaient peut-&ecirc;tre cru faire l&agrave; &oelig;uvre de po&eacute;sie.</p>\r\n<p>Apr&egrave;s quelques convulsions du haut du corps, le conseiller partit dans un fou rire incontr&ocirc;l&eacute;. Sa main serrait son accoudoir, mais rien ne parvenait &agrave; le calmer. Quelques postillons blanch&acirc;tres mouchet&egrave;rent le bureau auparavant impeccable. Quand l&rsquo;un d&rsquo;entre eux atteignit Cinqueterre sur le nez, celle-ci se leva. Alors qu&rsquo;elle s&rsquo;appr&ecirc;tait &agrave; quitter l&rsquo;alc&ocirc;ve, le conseiller la rappela&nbsp;:</p>\r\n<p>&mdash;&nbsp;Madame, restez, je vous prie. Pardonnez-moi, je ne sais pas ce qui m&rsquo;a pris.</p>\r\n<p>&Agrave; contrec&oelig;ur, la jeune fille se rassit.</p>\r\n<p>L&rsquo;autre s&rsquo;&eacute;tait enfin calm&eacute;. Il demanda &agrave; Cinqueterre&nbsp;:</p>\r\n<p>&mdash;&nbsp;Veuillez prononcer votre pr&eacute;nom et nom &agrave; voix haute afin que je puisse acc&eacute;der &agrave; votre dossier s&rsquo;il vous pla&icirc;t.</p>\r\n<p>Puis il lui tendit une tablette tactile pr&egrave;s du micro de laquelle Cinqueterre murmura son patronyme. Le conseiller r&eacute;prima un gloussement et un &eacute;trange son animal sortit de sa gorge.</p>\r\n<p>&mdash;&nbsp;Tr&egrave;s bien, se reprit-il. N&eacute;e le dix-sept septembre deux mille quatre-vingt-quatre. Vous &ecirc;tes actuellement encroy&eacute;e chez Christ B.C. par encroyance descendante. Cette encroyance prendra fin le dix-sept septembre deux mille cent quatre.</p>\r\n<p>&mdash;&nbsp;C&rsquo;est &ccedil;a.</p>\r\n<p>&mdash;&nbsp;Christ B.C. donc. Une valeur s&ucirc;re&nbsp;! Une notation de quatre sur cinq &agrave; l&rsquo;OMR. Le pape Pierre-Enzo&nbsp;II a souhait&eacute; garder les grandes politiques de cette religion, &agrave; savoir un approvisionnement inconditionnel en nourriture et soins &agrave; tous ses membres, un salaire correct de compl&eacute;ment &agrave; n&rsquo;utiliser que pour certains types de loisirs certifi&eacute;s, et dont dix pour cent de la somme doivent &ecirc;tre revers&eacute;s &agrave; des nihil&eacute;s sans-abri. Quelques r&egrave;gles &agrave; respecter&nbsp;: l&rsquo;encouragement &agrave; la procr&eacute;ation et l&rsquo;interdiction de s&rsquo;en prot&eacute;ger, l&rsquo;interdiction formelle d&rsquo;avorter qui en d&eacute;coule. Christ B.C. applaudit le d&eacute;nuement, mais autorise les belles demeures ostentatoires.</p>\r\n<p>&mdash;&nbsp;Je suis au courant, merci.</p>\r\n<p>&mdash;&nbsp;Et tout cela ne vous convient pas&nbsp;? Vous ne d&eacute;sirez pas accepter l&rsquo;h&eacute;ritage religieux de vos parents&nbsp;?</p>\r\n<p>&mdash;&nbsp;Non.</p>\r\n<p>&mdash;&nbsp;Tr&egrave;s bien. Un choix de plus en plus classique, je le crains.</p>\r\n<p>Il fit la moue, agac&eacute; par le poids d&rsquo;une fatalit&eacute; qu&rsquo;il d&eacute;sapprouvait avec la plus vive fermet&eacute;. Puis il reprit, r&eacute;sign&eacute;&nbsp;:</p>\r\n<p>&mdash;&nbsp;Peu de religions acceptent de nouveaux membres quand ce n&rsquo;est pas par h&eacute;ritage, mais je vais tout de m&ecirc;me vous en pr&eacute;senter quelques-unes.</p>\r\n<p>&mdash;&nbsp;Est-ce vraiment n&eacute;cessaire&thinsp;? soupira Cinqueterre.</p>\r\n<p>Le conseiller la regarde d&rsquo;un air s&eacute;v&egrave;re.</p>\r\n<p>&mdash;&nbsp;Vous n&rsquo;&ecirc;tes quand m&ecirc;me pas en train de me dire que vous souhaitez embrasser le nihilisme et tous les vices qui en d&eacute;coulent&nbsp;?</p>\r\n<p>Cinqueterre haussa les &eacute;paules pour toute r&eacute;ponse.</p>\r\n<p>&mdash;&nbsp;Dix-huit ann&eacute;es de cat&eacute;chisme n&rsquo;auraient donc pas suffi &agrave; vous &eacute;duquer convenablement&nbsp;? Alors que certains, &agrave; votre &acirc;ge, ambitionnent d&eacute;j&agrave; d&rsquo;atteindre le type Z et d&rsquo;int&eacute;grer un clerg&eacute;, que d&rsquo;autres souhaitent mettre leur cr&eacute;ativit&eacute; au service d&rsquo;une nouvelle h&eacute;r&eacute;sie, vous refusez ostensiblement toute &eacute;chelle de valeurs, toute politique et tout ordre communautaire&nbsp;?</p>\r\n<p>&mdash;&nbsp;Mes valeurs ne sont sur aucune brochure et je ne veux forcer personne &agrave; y adh&eacute;rer.</p>\r\n<p>&mdash;&nbsp;Quel beau sens de l&rsquo;aphorisme vous avez-l&agrave;, Madame Scherzoso&nbsp;! &Ecirc;tes-vous bien consciente qu&rsquo;au jour de votre majorit&eacute;, vous devrez quitter le logement de vos parents et, si vous ne vous encroyez pas, personne ne vous en fournira un nouveau&nbsp;? Savez-vous &eacute;galement qu&rsquo;un certain nombre de nihil&eacute;s sont tir&eacute;s au sort tous les ans afin de renforcer les rangs des travailleurs de type R&nbsp;? Imaginez-vous, un matin, sortie de votre tente pour suivre une cure de d&eacute;sentimentisation&nbsp;! Est-ce de cette peur-l&agrave; que vous souhaitez vivre&nbsp;? Ou pr&eacute;f&eacute;rez-vous vous soumettre &agrave; quelques r&egrave;gles pour donner un sens &agrave; votre existence&nbsp;?</p>\r\n<p>&mdash;&nbsp;Montrez-moi ces religions, capitula Cinqueterre.</p>\r\n<p>Le conseiller fit tourner la tablette.</p>\r\n<p>Cinqueterre parcourut d&rsquo;un doigt d&eacute;sabus&eacute; les diff&eacute;rentes propositions qui s&rsquo;offraient &agrave; elle. L&rsquo;Immortalisme conduisait, sans surprise, une qu&ecirc;te de l&rsquo;humain immortel &agrave; travers la technologie et l&rsquo;innovation. Tous les membres se devaient de poss&eacute;der au moins une augmentation et acceptaient d&rsquo;&ecirc;tre le cobaye des progr&egrave;s r&eacute;alis&eacute;s par son &eacute;glise scientifique. La Religion des Poussi&egrave;res postulait que l&rsquo;importance de toute chose se cachait dans son insignifiance, et qu&rsquo;aucune chose n&rsquo;avait plus de valeur qu&rsquo;une des poussi&egrave;res d&rsquo;&eacute;toiles qui la composait. La religion n&rsquo;offrait aucun confort&nbsp;: ni logement, ni salaire, ni nourriture. Elle interdisait &eacute;galement les sentiments extr&ecirc;mes. Cinqueterre se demanda s&rsquo;il y avait vraiment une diff&eacute;rence entre un type R et un encroy&eacute; de la Religion des Poussi&egrave;res. La Chiffrologie affirmait que la donn&eacute;e &eacute;tait la brique de base de l&rsquo;univers et que les particules &eacute;l&eacute;mentaires n&rsquo;en &eacute;taient qu&rsquo;une d&eacute;clinaison. Chaque membre se devait de consigner ses moindres faits et gestes dans un journal num&eacute;rique et d&rsquo;en envoyer les rapports &agrave; des analystes qui en d&eacute;duisaient des adaptations comportementales &agrave; suivre.</p>\r\n<p>Cinqueterre jeta un regard mauvais au conseiller&nbsp;: comment voulait-il qu&rsquo;elle choisisse dans ce tas de b&ecirc;tises auxquelles elle ne croirait jamais&nbsp;? Pourquoi se plierait-elle &agrave; des r&egrave;gles motiv&eacute;es par des valeurs qu&rsquo;elle ne partageait pas&nbsp;?</p>\r\n<p>&mdash;&nbsp;Rien ne m&rsquo;int&eacute;resse, d&eacute;clara-t-elle.</p>\r\n<p>&mdash;&nbsp;Bien, r&eacute;pondit le conseiller. Il ne me reste plus qu&rsquo;une carte pour vous sauver d&rsquo;une existence ind&eacute;cente et d&rsquo;une vacuit&eacute; axiologique totale. Cette religion s&rsquo;appelle l&rsquo;Oblation du Deuxi&egrave;me et elle promeut le &laquo;&nbsp;sacrifice de la deuxi&egrave;me chair&nbsp;&raquo;.</p>\r\n<p>&mdash;&nbsp;Qu&rsquo;est-ce que c&rsquo;est que &ccedil;a, encore&thinsp;?</p>\r\n<p>&mdash;&nbsp;Cette religion poss&egrave;de la note de minimale d&rsquo;un sur cinq &agrave; l&rsquo;OMR, m&ecirc;me si elle rend au monde de fiers services. Cette religion vous offrira une existence frugale quoique confortable, sans vous assommer de r&egrave;gles ni de rituels.</p>\r\n<p>&mdash;&nbsp;&Ccedil;a me para&icirc;t parfait.</p>\r\n<p>&mdash;&nbsp;N&eacute;anmoins, elle impose une unique r&egrave;gle, &agrave; laquelle vous ne pourrez jamais vous soustraire.</p>\r\n<p>&mdash;&nbsp;Laquelle&nbsp;?</p>\r\n<p>&mdash;&nbsp;Votre h&eacute;ritage est fig&eacute;, et chacun de vos enfants deviendra obligatoirement un type R &agrave; sa majorit&eacute;. Il sera d&eacute;sentimentis&eacute; et consacrera le restant de sa vie au travail et &agrave; l&rsquo;industrie. Le &laquo;&nbsp;sacrifice de la deuxi&egrave;me chair&nbsp;&raquo;.</p>\r\n<p>Le c&oelig;ur de Cinqueterre bondit dans sa poitrine. Elle regarda son b&eacute;b&eacute; d&rsquo;un &oelig;il interrogateur. Elle ne l&rsquo;aimait pas, mais ne lui souhaitait pas pour autant un tel sort. Et en m&ecirc;me temps, c&rsquo;&eacute;tait l&agrave; l&rsquo;occasion de donner une utilit&eacute; &agrave; cet enfant non voulu, n&eacute; d&rsquo;une relation sans amour et &agrave; cause d&rsquo;une religion qui, parce qu&rsquo;elle &eacute;tait n&eacute;e de parents qui s&rsquo;y &eacute;taient soumis, lui avait refus&eacute; le droit de jouir de son propre corps.</p>\r\n<p>&mdash;&nbsp;Je vais y r&eacute;fl&eacute;chir, dit-elle.</p>\r\n<p>Le conseiller se fit mielleux.</p>\r\n<p>&mdash;&nbsp;Madame, vous n&rsquo;avez plus que quelques jours pour vous encroyer. Vous n&rsquo;aurez pas d&rsquo;autre opportunit&eacute; que celles que je vous ai pr&eacute;sent&eacute;es. Si je puis me permettre, votre r&eacute;flexion sera vaine ou ne sera pas.</p>\r\n<p>La panique envahit Cinqueterre. Elle serra involontairement son b&eacute;b&eacute; qui couina de douleur. Il y avait les injonctions incessantes de ses amis. Il y avait le risque, si elle embrassait le nihilisme, d&rsquo;&ecirc;tre un jour attrap&eacute;e pour grossir les rangs des types R, &agrave; laquelle elle ne savait pas si elle devait croire. Il y avait la certitude que ce destin serait r&eacute;serv&eacute; &agrave; son enfant si elle s&rsquo;encroyait chez l&rsquo;Oblation du Deuxi&egrave;me. Il y avait ce conseiller, d&eacute;sagr&eacute;able et mielleux, mais si s&ucirc;r de son fait qu&rsquo;il devenait difficile de lui dire non. Il y avait, enfin et surtout, cette peur ancr&eacute;e tout au fond d&rsquo;elle-m&ecirc;me de la solitude et de l&rsquo;abandon, l&rsquo;angoisse de n&rsquo;appartenir &agrave; aucune communaut&eacute;, malgr&eacute; ce qu&rsquo;elle revendiquait.</p>\r\n<p>&mdash;&nbsp;Je vais m&rsquo;encroyer dans cette religion, d&eacute;clara-t-elle.</p>\r\n<p>Le conseiller se permit quelques secondes de silence afin qu&rsquo;elle p&egrave;se sa d&eacute;cision, puis il actualisa la tablette.</p>\r\n<p>&mdash;&nbsp;Voici le livre sacr&eacute; de l&rsquo;Oblation du Deuxi&egrave;me. Je vais le charger sur votre compte OMR. Il sera, &agrave; partir de votre majorit&eacute;, votre unique r&eacute;f&eacute;rence politique en dehors des arbitrages particuliers de l&rsquo;OMR. Vous devrez vous y fier ou subir les punitions pr&eacute;vues par votre nouvelle religion. &Agrave; pr&eacute;sent, pr&ecirc;tez serment.</p>\r\n<p>Il orienta le microphone de la tablette vers Cinqueterre. Sans trop savoir ce qu&rsquo;elle faisait, celle-ci posa une main sur son sein gauche et pronon&ccedil;a clairement&nbsp;:</p>\r\n<p>&mdash;&nbsp;Je crois &agrave; l&rsquo;Oblation du Deuxi&egrave;me.</p>\r\n<p>&mdash;&nbsp;Bien. F&eacute;licitations, madame Cinqueterre Scherzoso. Vous voil&agrave; officiellement encroy&eacute;e.</p>\r\n<p>Lorsqu&rsquo;elle se leva, tout le poids de sa d&eacute;cision s&rsquo;&eacute;croula sur ses &eacute;paules et elle se rassit imm&eacute;diatement, vacillante.</p>\r\n<p>&mdash;&nbsp;Madame&nbsp;? demande le conseiller.</p>\r\n<p>Cinqueterre ne voulait pas de sa commis&eacute;ration. Elle se releva et sortit de l&rsquo;alc&ocirc;ve pour prendre une grande bouff&eacute;e d&rsquo;air.</p>\r\n<p>Quand elle fut &agrave; nouveau dehors, elle se posa quelques instants sur un banc. Le flot de passants lui faisait tourner la t&ecirc;te alors que le soleil frappait son cr&acirc;ne de ses rayons blancs.</p>\r\n<p>Le b&eacute;b&eacute; se mit &agrave; brailler.</p>\r\n<p>Elle baissa les yeux vers lui et, pour la premi&egrave;re fois, y vit un &ecirc;tre humain. Elle laissa couler quelques larmes et, aussi pour la premi&egrave;re fois, pronon&ccedil;a son pr&eacute;nom&nbsp;:</p>\r\n<p>&mdash;&nbsp;Immanuel.</p>\r\n<p>&nbsp;</p>	À l’aube de sa majorité, Cinqueterre est confrontée à un choix difficile qui risque de faire basculer sa vie. Poussée par ses amis et les institutions, elle pourrait bien faire une grave erreur. Une erreur dont elle ne serait pas la seule à subir les conséquences.	2022-10-12 12:44:57+00
3	Le Dahut des Monts	<p>Elpaco n&rsquo;&eacute;tait pas &agrave; proprement parler encastr&eacute; dans la norme. La premi&egrave;re chose qui choquait chez lui &eacute;tait son strabisme accentu&eacute; par des cernes creus&eacute;s &agrave; la pelle. Un rapide coup d&rsquo;&oelig;il permettait &eacute;galement de remarquer qu&rsquo;&agrave; sa main gauche manquait le majeur. Mais, plus que tout cela, rien ne pr&eacute;parait un esprit conformiste &agrave; la vue du halo vaporeux qui entourait son cr&acirc;ne&nbsp;: constitu&eacute;e de paille et de crin, sa chevelure formait comme un nid au-dessus de son visage &eacute;maci&eacute;. Aussi ne s&rsquo;&eacute;tonnait-on pas de voir, de temps &agrave; autre, une buse qu&rsquo;il appelait La Buse se poser &agrave; l&rsquo;endroit o&ugrave; une &eacute;bauche de calvitie lui avait am&eacute;nag&eacute; un perchoir douillet.</p>\r\n<p>Mais rares &eacute;taient les gens conventionnels qui pouvaient se targuer d&rsquo;avoir aper&ccedil;u Elpaco. Et pour cause&nbsp;: il habitait dans les confins du Mercantour, au sein d&rsquo;un ancien hameau d&rsquo;alpage dans lequel il occupait la plus petite et la plus d&eacute;labr&eacute;e des masures. Loin de tous, de la civilisation et des religions, il &eacute;grainait les jours sans se soucier de respecter le moindre r&egrave;glement.</p>\r\n<p>Il cultivait les pommes de terre, les raves, les framboises et les lentilles. Un mince filet d&rsquo;eau, r&eacute;sidu bient&ocirc;t &eacute;puis&eacute; des fontes des neiges de jadis, lui fournissait tout le liquide potable dont il avait besoin&nbsp;: il ne buvait pas d&rsquo;alcool et le fabriquait encore moins. M&ecirc;me s&rsquo;il savait s&rsquo;en d&eacute;fendre, il abhorrait tuer les animaux et se contentait, de temps &agrave; autre, de rassasier sa faim de carne par quelque morceau faisand&eacute; qui trainait au bas d&rsquo;un &eacute;boulis. Il faisait alors s&eacute;cher les lambeaux crisp&eacute;s dans une cave de fortune creus&eacute;e &agrave; flanc de montagne.</p>\r\n<p>L&rsquo;on pourrait croire sa solitude totale, mais une femme sans &acirc;ge venait r&eacute;guli&egrave;rement cr&eacute;cher dans l&rsquo;alpage, dans l&rsquo;ancienne bergerie qui rev&ecirc;tait d&eacute;sormais tous les charmes d&rsquo;un luxueux chalet. Muette, elle poss&eacute;dait un nez rouge vif d&eacute;pos&eacute; sur un visage blafard comme un &oelig;uf d&rsquo;oie, si bien qu&rsquo;Elpaco l&rsquo;avait affectueusement nomm&eacute;e La Gn&ocirc;le. Il appr&eacute;ciait sa compagnie silencieuse et aimait partager quelques-unes de ses t&acirc;ches avec elle.</p>\r\n<p>En r&eacute;sum&eacute;, personne n&rsquo;emmerdait Elpaco, et il n&rsquo;emmerdait personne.</p>\r\n<p>Pourtant, un agent de l&rsquo;OMR se pr&eacute;senta un jour &agrave; l&rsquo;alpage.</p>\r\n<p>Il avait parcouru les quelques kilom&egrave;tres s&eacute;parant la route de la masure d&rsquo;Elpaco &agrave; pied, avec ses chaussures cir&eacute;es et son costume bleu marine impeccable. Croyez-le ou non, l&rsquo;homme &mdash; si c&rsquo;en est un&nbsp;! &mdash; parvint au hameau sans imbiber ses v&ecirc;tements de la moindre goutte de sueur.</p>\r\n<p>La Gn&ocirc;le le regarda de ses yeux m&eacute;dus&eacute;s tandis qu&rsquo;il grimpait les marches de pierre jusqu&rsquo;&agrave; la cabane d&rsquo;Elpaco.</p>\r\n<p>Ce dernier patientait sur le seuil, comme s&rsquo;il attendait depuis toujours cette visite. La Buse se percha dans son nid chevelu au moment o&ugrave; l&rsquo;agent se pr&eacute;senta, main tendue.</p>\r\n<p>&mdash;&nbsp;H&eacute;, l&rsquo;OMR, salua Elpaco de son habituelle voix fluette.</p>\r\n<p>&mdash;&nbsp;Monsieur R&eacute;ginald Pastrecco. Enchant&eacute;.</p>\r\n<p>&mdash;&nbsp;Elpaco.</p>\r\n<p>&mdash;&nbsp;Pour moi, cela sera R&eacute;ginald Pastrecco.</p>\r\n<p>&mdash;&nbsp;Alors, adieu.</p>\r\n<p>Il se retourna et s&rsquo;appr&ecirc;ta &agrave; entrer dans sa masure quand l&rsquo;autre reprit&nbsp;:</p>\r\n<p>&mdash;&nbsp;Elpaco, alors, si vous y tenez.</p>\r\n<p>Elpaco se ravisa et La Buse piailla de satisfaction.</p>\r\n<p>La Gn&ocirc;le s&rsquo;approcha lentement, sa curiosit&eacute; d&eacute;fiant sa timidit&eacute;. Personne ne sembla la remarquer&nbsp;: elle n&rsquo;&eacute;tait qu&rsquo;un &eacute;l&eacute;ment mouvant du d&eacute;cor.</p>\r\n<p>&mdash;&nbsp;Alors, l&rsquo;OMR, que me vaut le d&eacute;plaisir de ta visite&nbsp;?</p>\r\n<p>&mdash;&nbsp;Vous tutoyez tout le monde&nbsp;?</p>\r\n<p>&mdash;&nbsp;Quand on tutoie les plus hauts sommets, on ne vouvoie pas ceux qui grouillent &agrave; ses pieds.</p>\r\n<p>La Gn&ocirc;le ricana malgr&eacute; elle tant la voix gr&ecirc;le d&rsquo;Elpaco tranchait avec la saillie s&eacute;v&egrave;re et grandiloquente. Quelques hurlements stridents de La Buse ajout&egrave;rent toutefois un peu de force &agrave; la r&eacute;plique.</p>\r\n<p>L&rsquo;agent de l&rsquo;OMR ne se d&eacute;monta pas, comme s&rsquo;il s&rsquo;&eacute;tait attendu &agrave; trouver l&agrave; quelque hurluberlu.</p>\r\n<p>&mdash;&nbsp;Monsieur Elpaco, vous avez d&eacute;clar&eacute; il y a de cela vingt-sept ans la cr&eacute;ation d&rsquo;une h&eacute;r&eacute;sie qui comporte aujourd&rsquo;hui&hellip; deux membres.</p>\r\n<p>Il se retourna subitement et lan&ccedil;a un long regard scrutateur &agrave; La Gn&ocirc;le, laquelle s&rsquo;immobilisa comme si le moindre mouvement risquait de lui faire perdre un jeu imaginaire.</p>\r\n<p>&mdash;&nbsp;Vos donn&eacute;es sont impressionnantes de pr&eacute;cision, nous sommes en effet deux membres actifs, La Gn&ocirc;le et moi-m&ecirc;me, encroyants chez le Dahut des Monts, une religion que j&rsquo;ai fond&eacute;e il y a de cela vingt-sept ans.</p>\r\n<p>&mdash;&nbsp;Le Dahut des Monts, comme vous dites, ne comporte &agrave; ce jour aucun encroy&eacute;&hellip;</p>\r\n<p>&mdash;&nbsp;Si vous faites abstraction de La Buse&hellip;</p>\r\n<p>&mdash;&nbsp;&hellip; aucun encroy&eacute;, disais-je, en plus des deux encroyants que vous avez &eacute;voqu&eacute;s. L&rsquo;OMR vient de publier un d&eacute;cret visant &agrave; &eacute;viter que ne soient cr&eacute;&eacute;es des h&eacute;r&eacute;sies qui, sous couvert de religion bien d&eacute;clar&eacute;e, cachent bien souvent des camps de nihilistes.</p>\r\n<p>Elpaco porta la main &agrave; sa bouche et feignit l&rsquo;indignation.</p>\r\n<p>&mdash;&nbsp;Si vous me soup&ccedil;onnez de la moindre escroquerie administrative, je crains que vous fassiez fausse route, l&rsquo;OMR. La Gn&ocirc;le ici pr&eacute;sente et moi-m&ecirc;me pouvons vous confirmer notre foi in&eacute;narrable dans le Dahut, notre seigneur et maitre, ainsi que notre respect des coutumes que notre encroiement nous impose, m&ecirc;me en tant que t&ecirc;tes pensantes de notre clerg&eacute;.</p>\r\n<p>&mdash;&nbsp;Vous m&rsquo;en voyez ravi, monsieur Elpaco. Aussi ne verrez-vous aucun inconv&eacute;nient &agrave; ce que, comme l&rsquo;exige le nouveau d&eacute;cret, nous ouvrions votre h&eacute;r&eacute;sie aux encroiements et que nos conseillers aiguillent vers vous ceux qui sont le plus&hellip; susceptibles de correspondre au culte du Dahut des Monts.</p>\r\n<p>Le ton assur&eacute; et narquois de l&rsquo;agent de l&rsquo;OMR fit douter Elpaco quelques secondes. Il essaya de se convaincre qu&rsquo;il n&rsquo;y avait l&agrave; aucun pi&egrave;ge&nbsp;: qui viendrait se perdre dans les tr&eacute;fonds du Mercantour pour s&rsquo;encroyer dans une religion rendue la plus obscure et fantaisiste possible afin d&rsquo;obtenir la paix conjointe de l&rsquo;humanit&eacute; et de l&rsquo;OMR&nbsp;?</p>\r\n<p>&mdash;&nbsp;Je n&rsquo;y vois aucun inconv&eacute;nient. Le Dahut des Monts accueillera avec plaisir tout nouvel encroy&eacute;, et nous serions ravis de voir grandir la grande communaut&eacute; des enfants du Dahut.</p>\r\n<p>L&rsquo;agent de l&rsquo;OMR sourit. Apr&egrave;s un formel &laquo;&nbsp;adieu&nbsp;&raquo;, il reprit le chemin vers la route et l&rsquo;urbanisme d&eacute;brid&eacute;. Il cueillit un cynorhodon en fanfaronnant&nbsp;:</p>\r\n<p>&mdash;&nbsp;Et merci pour la framboise&nbsp;!</p>\r\n<p>Il porta la petite baie &agrave; sa bouche et comprit vite que ce n&rsquo;&eacute;tait pas l&agrave; une baie succulente. Tout &agrave; son honneur et &agrave; sa sortie spectaculaire, il avala n&eacute;anmoins le fruit et manqua s&rsquo;en &eacute;trangler.</p>\r\n<p>Il s&rsquo;effa&ccedil;a dans un tourbillon de couleurs violettes et cramoisies, son visage se m&ecirc;lant parfaitement aux pr&eacute;mices du ciel cr&eacute;pusculaire.</p>\r\n<p>Ce soir-l&agrave;, La Gn&ocirc;le passa beaucoup de temps avec un Elpaco pr&eacute;occup&eacute;. Il m&acirc;chonnait une rave crue sans s&rsquo;apercevoir qu&rsquo;il ne l&rsquo;avait ni lav&eacute;e ni &eacute;pluch&eacute;e, et ne r&eacute;agissait pas plus lorsque des petits gravillons crissaient entre ses dents. Il se contentait de cracher &agrave; intervalles r&eacute;guliers quelques fragments blanch&acirc;tres qui pouvaient tout aussi bien &ecirc;tre des &eacute;clats de salive que d&rsquo;&eacute;mail.</p>\r\n<p>Il n&rsquo;avait pas besoin de verbaliser ses &eacute;tats d&rsquo;&acirc;me&nbsp;: ses expressions faciales se traduisaient facilement. Ses sourcils, ses pommettes, sa m&acirc;choire et son nez poss&eacute;daient des libert&eacute;s de mouvement insoup&ccedil;onn&eacute;es qui constituaient les syllabes des mots d&rsquo;un dictionnaire tr&egrave;s complet que La Gn&ocirc;le avait fini par connaitre par c&oelig;ur.</p>\r\n<p>Elpaco &eacute;tait tourment&eacute;.</p>\r\n<p>Il avait eu la certitude de trouver quelque tranquillit&eacute; dans sa cabane de Mercantour. Lorsqu&rsquo;il avait annonc&eacute; son intention de d&eacute;m&eacute;nager, on l&rsquo;avait tant conspu&eacute; qu&rsquo;il imaginait mal qui pouvait bien avoir envie de le rejoindre. Et c&rsquo;&eacute;tait tr&egrave;s bien comme &ccedil;a.</p>\r\n<p>Le Dahut des Monts lui avait permis de d&eacute;finir les r&egrave;gles qui lui plaisaient pour une vie confortable et il n&rsquo;avait affaire &agrave; d&rsquo;autres religions que pour quelques transactions commerciales&nbsp;: il vendait des sacs entiers de patates et de pains de pommes de terre croustillants contre quelques &eacute;lectrons et le mat&eacute;riel qu&rsquo;il ne pouvait pas fabriquer lui-m&ecirc;me.</p>\r\n<p>Pourtant, il sentait venir la fin de l&rsquo;&eacute;quilibre qu&rsquo;il avait trouv&eacute;&nbsp;&mdash; ou plut&ocirc;t qu&rsquo;il avait contribu&eacute; &agrave; mettre en place.</p>\r\n<p>L&rsquo;in&eacute;luctable ne se manifesta cependant pas avant un moment. Entre deux r&eacute;coltes de baies et quelques confitures, Elpaco eut m&ecirc;me un peu de temps pour rafistoler le toit fuyant de sa masure. La Gn&ocirc;le &eacute;tait redescendue &agrave; la ville pour quelques jours. Il n&rsquo;osait lui avouer, mais il appr&eacute;ciait ses petites vir&eacute;es urbaines presque autant qu&rsquo;il appr&eacute;ciait sa pr&eacute;sence &agrave; l&rsquo;alpage. Il avait appris &agrave; &eacute;prouver une joie f&eacute;roce &agrave; toute occasion de solitude, et son c&oelig;ur ne semblait se desserrer d&rsquo;angoisse que lorsqu&rsquo;il n&rsquo;avait nul humain avec qui interagir.</p>\r\n<p>Il profita d&rsquo;une journ&eacute;e particuli&egrave;rement belle pour s&rsquo;offrir une randonn&eacute;e dans le vallon. Il prisait la tranquillit&eacute; du ru qui serpentait entre la face nord rocailleuse et escarp&eacute;e et la face sud &agrave; l&rsquo;herbe d&eacute;j&agrave; jaunie, bossel&eacute;e par les pierres lisses. C&rsquo;est l&agrave; qu&rsquo;il avait autrefois recueilli La Buse, bless&eacute;e par quelque charognard concurrent et gisant juste &agrave; c&ocirc;t&eacute; du cadavre d&rsquo;un des derniers bouquetins du massif.</p>\r\n<p>D&egrave;s qu&rsquo;Elpaco s&rsquo;aventurait dans le vallon, La Buse cessait ses ronds c&eacute;lestes pour se poser dans son nid chevelu, comme si elle retrouvait une sorte de d&eacute;pendance envers celui qui l&rsquo;y avait sauv&eacute;e.</p>\r\n<p>Elpaco fit quelques ablutions rapides dans l&rsquo;eau d&eacute;sesp&eacute;r&eacute;ment ti&egrave;de du torrent, songeant avec amertume qu&rsquo;il serait probablement &agrave; sec avant la fin de l&rsquo;&eacute;t&eacute;, comme les ann&eacute;es pr&eacute;c&eacute;dentes. Il dormit quelques minutes d&rsquo;un sommeil agit&eacute; au pied d&rsquo;un noisetier, mais ne s&rsquo;attarda point. Serr&eacute; d&rsquo;un pressentiment qui refusait de le quitter, il entama sa redescente vers l&rsquo;alpage. Ses sens &eacute;taient aux aguets comme lorsque, par quelques vrombissements lointains et quasiment inaudibles, un orage s&rsquo;annon&ccedil;ait. Pourtant, rien ne pr&eacute;sageait une temp&ecirc;te&nbsp;: aucun nuage noir &agrave; l&rsquo;horizon et un air paisible.</p>\r\n<p>Il comprit l&rsquo;origine de son inqui&eacute;tude lorsqu&rsquo;il d&eacute;boucha au niveau du verrou glaciaire. Le coude franchi, les clameurs commenc&egrave;rent &agrave; atteindre ses tympans. La Buse prit son envol, non sans planter quelques millim&egrave;tres de ses griffes dans le cr&acirc;ne de son maitre. Le boucan s&rsquo;&eacute;levait sans aucun doute de chez lui.</p>\r\n<p>Elpaco arriva en vue du hameau enduit de sueur et de col&egrave;re.</p>\r\n<p>En bas, l&rsquo;on ne distinguait presque plus le chemin qui montait depuis la route sous la longue procession. Ils &eacute;taient plusieurs dizaines, charg&eacute;s comme des mulets, &agrave; atteindre l&rsquo;alpage. Croyant d&rsquo;abord &agrave; quelque groupe de randonneurs ou &agrave; des membres d&rsquo;une religion inconnue entreprenant un p&egrave;lerinage vers le-Dahut-sait-o&ugrave;, il se r&eacute;signa petit &agrave; petit&nbsp;: c&rsquo;&eacute;taient l&agrave; des nouveaux fid&egrave;les venus s&rsquo;encroyer chez lui.</p>\r\n<p>Elpaco rassembla ce qui lui restait de souffle et d&eacute;gringola terre, buissons et pierrailles jusqu&rsquo;au petit hameau.</p>\r\n<p>&Ccedil;a grouillait, &ccedil;a bruissait, &ccedil;a gueulait, &ccedil;a graillait et &ccedil;a glougloutait. La plupart des masures abandonn&eacute;es subissaient d&eacute;j&agrave; un rafraichi par les plus motiv&eacute;s qui grattaient, d&eacute;sherbaient, pelletaient et r&eacute;curaient. Ils avaient tous et toutes l&rsquo;air enfantin de ceux qui s&rsquo;essaient &agrave; une nouvelle vie, moment auquel il convient d&rsquo;exc&eacute;der d&rsquo;enthousiasme pour s&rsquo;&eacute;viter les affres psychologiques du changement.</p>\r\n<p>Elpaco regardait tout &ccedil;a d&rsquo;un &oelig;il mortifi&eacute;, incapable de s&rsquo;aventurer &agrave; moins de cent m&egrave;tres de la fr&eacute;n&eacute;sie. Envol&eacute;e, la tranquillit&eacute; des mois l&eacute;gers. Perdue, l&rsquo;&acirc;pre solitude des mois cotonneux. Bris&eacute;e, la fournaise d&eacute;capante des mois brul&eacute;s. Il faillit d&eacute;bagouler de d&eacute;pit, mais ce fut finalement la col&egrave;re qui le gagna. Il marcha d&rsquo;un pas d&eacute;cid&eacute; vers le hameau et hurla de sa voix haut perch&eacute;e&nbsp;:</p>\r\n<p>&mdash;&nbsp;Qu&rsquo;est-ce que vous fichez l&agrave;&nbsp;? Cet alpage n&rsquo;est pas &agrave; vendre&nbsp;!</p>\r\n<p>La Buse ajouta quelques piaillements stridents de son cru.</p>\r\n<p>S&rsquo;ensuivit un brouhaha terrible qui r&eacute;sonna jusques aux monts environnants. S&rsquo;il percevait ici quelques hourras, l&agrave; quelques impr&eacute;cations, Elpaco ne comprenait rien aux sons que la foule lui jetait. Il s&rsquo;&eacute;cria &agrave; nouveau&nbsp;:</p>\r\n<p>&mdash;&nbsp;D&eacute;signez-moi un porte-parole&nbsp;!</p>\r\n<p>Un petit homme replet, poilu de partout sauf du cr&acirc;ne, vint &agrave; sa rencontre. D&rsquo;un geste imp&eacute;rieux de la main, il fit taire les autres, puis il s&rsquo;adressa &agrave; Elpaco&nbsp;:</p>\r\n<p>&mdash;&nbsp;Grand des Monts, Serviteur du Dahut, voici de nouveaux fid&egrave;les.</p>\r\n<p>&mdash;&nbsp;Fid&eacute;lisez tant que vous voulez, vous ne pouvez pas rester dans cet alpage&nbsp;! Seule La Gn&ocirc;le et moi-m&ecirc;me y r&eacute;sidons.</p>\r\n<p>&mdash;&nbsp;Sauf votre respect, il est clairement indiqu&eacute; dans vos commandements que tout encroy&eacute; chez le Dahut des Monts se doit de vivre dans ce hameau du Mercantour.</p>\r\n<p>Elpaco en avait oubli&eacute; ses commandements.</p>\r\n<hr />\r\n<p style="text-align: justify;"><strong>Commandement Un&nbsp;:</strong> Le Dahut des Monts, comme son nom l&rsquo;indique, vit dans la montagne. Tous ses fid&egrave;les, de par leur aveugle admiration, doivent adopter ce mode de vie et se r&eacute;unir dans l&rsquo;Alpage du Mercantour o&ugrave; r&eacute;side le Grand des Monts.</p>\r\n<hr />\r\n<p>La stupeur le frappa lorsqu&rsquo;il se rappela, petit &agrave; petit, toutes les &acirc;neries qu&rsquo;il avait &eacute;crites, croyant faire l&agrave; preuve d&rsquo;esprit. Voil&agrave; que ce petit moment d&rsquo;amusement, qu&rsquo;il avait pris pour un pied de nez &agrave; l&rsquo;OMR, allait lui couter cher.</p>\r\n<p>Il fondit en larmes.</p>\r\n<hr />\r\n<p style="text-align: left;"><strong>Commandement Deux&nbsp;:</strong> L&rsquo;animalit&eacute; est le fondement du fid&egrave;le du Dahut des Monts. Comme l&rsquo;&ecirc;tre humain ne saurait revenir &agrave; une bestialit&eacute; perdue &agrave; grand renfort de technologie civilisatrice, chaque encroy&eacute; se doit de trouver, d&rsquo;adopter puis d&rsquo;aimer un familier animal de son choix.</p>\r\n<hr />\r\n<p>Le lendemain, tous les encroy&eacute;s se mirent en qu&ecirc;te, comme leur nouvelle religion les y obligeait, d&rsquo;un familier. Ils se s&eacute;par&egrave;rent ainsi en grappes et parcoururent la montagne, parfois &agrave; grand peine vue leur inaptitude &agrave; tout ce qui approchait de pr&egrave;s ou de loin &agrave; une activit&eacute; physique. La plupart ne trouv&egrave;rent bien s&ucirc;r rien et furent contraints de reporter leur recherche. Mais quelques-uns parmi les plus fut&eacute;s parvinrent &agrave; capturer quelques sp&eacute;cimens&nbsp;: ici une ch&egrave;vre sauvage, l&agrave; un &eacute;cureuil particuli&egrave;rement peu farouche. Ces animaux se retrouv&egrave;rent dans des cages ou des enclos de fortune, la mort dans les yeux.</p>\r\n<p>La Buse quittait de plus en plus souvent son nid chevelu pour voler en cercles au-dessus du hameau et couvrir ses habitants d&rsquo;une gr&ecirc;le de cris stridents.</p>\r\n<hr />\r\n<p><strong>Commandement Trois&nbsp;:</strong> Le Dahut organise son autonomie. Il ne compte sur personne et personne ne compte sur lui, car il sait que la vie ne vaut que gagn&eacute;e. Ses fid&egrave;les doivent poss&eacute;der cette m&ecirc;me soif d&rsquo;autonomie.</p>\r\n<hr />\r\n<p>Tout un groupe d&eacute;cida &eacute;galement de faire honneur au commandement de semi-autonomie et commen&ccedil;a &agrave; creuser des terrasses &agrave; flanc de montagne pour les rendre cultivables. Ainsi vola en &eacute;clat le rocher de granite qu&rsquo;Elpaco aimait &agrave; appeler La T&ecirc;te d&rsquo;Urus&nbsp;: le museau s&rsquo;effondra d&rsquo;abord sous un coup de pioche rageur, puis la t&ecirc;te enti&egrave;re f&ucirc;t r&eacute;duite en amas de pierres. Quand Elpaco exprima son d&eacute;sarroi aux meurtriers, on lui r&eacute;pondit&nbsp;: &laquo;&nbsp;Macchab&eacute;e dans le terreau, multitude de poireaux&nbsp;&raquo;.</p>\r\n<p>M&eacute;ticuleusement, on d&eacute;figura le havre de paix d&rsquo;Elpaco.</p>\r\n<p>Les b&acirc;tisses pouss&egrave;rent comme des pustules sur la peau malade de la montagne. Le bruit et la lumi&egrave;re ne quittaient plus l&rsquo;alpage. La Gn&ocirc;le ne parlait toujours pas, mais elle trimbalait le m&ecirc;me air de profond d&eacute;sespoir qu&rsquo;Elpaco. Elle ne lui rendait plus que de rares visites.</p>\r\n<p>Les encroy&eacute;s, de plus en plus nombreux, entreprirent &eacute;galement d&rsquo;&eacute;tablir l&rsquo;autonomie &eacute;nerg&eacute;tique du hameau. Ils d&eacute;tourn&egrave;rent pour cela plusieurs des rus amont qu&rsquo;ils firent rejoindre une grande rivi&egrave;re artificielle dans laquelle ils plong&egrave;rent force turbines, moulins et autres inventions &agrave; pales.</p>\r\n<hr />\r\n<p><strong>Commandement Quatre&nbsp;:</strong> L&rsquo;alpage du Mercantour est sacr&eacute; depuis le passage du Dahut des Monts autrefois. Il convient d&rsquo;en illuminer la beaut&eacute; jour apr&egrave;s jour.</p>\r\n<hr />\r\n<p>L&rsquo;&eacute;nergie afflua, en si grande quantit&eacute; qu&rsquo;il fallut lui trouver des utilit&eacute;s. Ainsi s&rsquo;illumin&egrave;rent peu &agrave; peu des myriades d&rsquo;&eacute;crans multicolores. L&rsquo;on &eacute;claira &eacute;galement les pics environnants avec de puissants projecteurs pour consacrer le charme du lieu.</p>\r\n<hr />\r\n<p><strong>Commandement Cinq&nbsp;:</strong> Le Grand des Monts ne dispense que rarement sa parole, mais quand il s&rsquo;y adonne, celle-ci est sacr&eacute;e. Les fid&egrave;les doivent r&eacute;pandre ses volont&eacute;s par l&rsquo;&eacute;cho de la montagne.</p>\r\n<hr />\r\n<p>Un soir, n&rsquo;y tenant plus, les nerfs en pelote &agrave; cause du bruit qui semblait ne plus jamais devoir l&acirc;cher ses oreilles, Elpaco se porta jusqu&rsquo;au pas de sa porte et, de toute sa gorge, de la glotte aux amygdales, hurla&nbsp;:</p>\r\n<p>&mdash;&nbsp;Barrez-vous&nbsp;! D&eacute;carrez&nbsp;! Caltez&nbsp;! Trissez-vous&nbsp;! D&eacute;funtisez tous autant que vous &ecirc;tes&nbsp;!</p>\r\n<p>Mais personne ne fit mine de quitter le hameau. Pire, les encroy&eacute;s se r&eacute;unirent devant la masure d&rsquo;Elpaco et clam&egrave;rent &agrave; leur tour, d&rsquo;une seule voix&nbsp;:</p>\r\n<p>&mdash;&nbsp;Barrez-vous&nbsp;! D&eacute;carrez&nbsp;! D&eacute;calottez&nbsp;! Trissez-vous&nbsp;! D&eacute;funtisez tous autant que vous &ecirc;tes&nbsp;!</p>\r\n<p>Elpaco, qui ne trouva pas le sommeil cette nuit, eut l&rsquo;impression que la montagne r&eacute;sonnait encore de l&rsquo;&eacute;cho de ses impr&eacute;cations reprises par ses fid&egrave;les.</p>\r\n<p>Tous les soirs &agrave; la m&ecirc;me heure, la foule se retrouva devant la maison d&rsquo;Elpaco pour hurler&nbsp;:</p>\r\n<p>&mdash;&nbsp;Barrez-vous&nbsp;! D&eacute;carrez&nbsp;! D&eacute;calottez&nbsp;! Trissez-vous&nbsp;! D&eacute;funtisez tous autant que vous &ecirc;tes&nbsp;!</p>\r\n<hr />\r\n<p><strong>Commandement Six&nbsp;:</strong> Le Dahut est d&eacute;fini par son nom commun&nbsp;; ainsi doivent l&rsquo;&ecirc;tre toutes les choses de l&rsquo;humanit&eacute; la plus pure au plus vulgaire glaviot de boue.</p>\r\n<hr />\r\n<p>Tr&egrave;s vite, ayant appris la n&eacute;cessit&eacute; d&rsquo;appeler toute chose par un nom commun la d&eacute;finissant, les encroy&eacute;s se mirent &agrave; chercher des myriades de substantifs pour tout et rien. Ainsi se form&egrave;rent de longues assembl&eacute;es, th&eacute;&acirc;tres d&rsquo;infinis d&eacute;bats, &agrave; l&rsquo;issue desquelles l&rsquo;on nomma un pin L&rsquo;Arbre, l&rsquo;on appela Le Mont cette grande montagne et l&rsquo;on baptisa, sans surprise, le hameau L&rsquo;Alpage.</p>\r\n<p>Ce manque d&rsquo;imagination r&eacute;current se manifesta &eacute;galement quand il s&rsquo;agit de donner un patronyme &agrave; tous les encroy&eacute;s. Apr&egrave;s des heures de temp&ecirc;tes de cerveaux vaines, des processus collectifs infructueux et des regroupements religieux pendant lesquels l&rsquo;invocation de la sagesse du Dahut ne sembla pas &ecirc;tre entendue, il fut d&eacute;cid&eacute; de s&rsquo;inspirer de l&rsquo;id&eacute;e du Grand des Monts lorsqu&rsquo;il nomma La Gn&ocirc;le.</p>\r\n<p>Les fid&egrave;les du Dahut emprunt&egrave;rent leurs noms au vocabulaire pl&eacute;thorique des alcools et spiritueux&nbsp;: ici Le Vin, l&agrave; La Chartreuse. Tout le monde se vit affubl&eacute; d&rsquo;un sobriquet enivrant, si bien qu&rsquo;&agrave; la fin Elpaco en ressentit une violente naus&eacute;e.</p>\r\n<hr />\r\n<p><strong>Commandement Sept&nbsp;:</strong> Le Grand des Monts ne pourra &ecirc;tre contraint, ni de son propre chef, ni de celui de ses encroy&eacute;s, &agrave; quitter son havre du Mercantour.</p>\r\n<hr />\r\n<p>Quand Elpaco voulut s&rsquo;enfuir, le porte-parole replet lui rappela gentiment mais fermement le sixi&egrave;me commandement qui l&rsquo;obligeait &agrave; demeurer aupr&egrave;s de ses fid&egrave;les. Elpaco se souvenait avoir formul&eacute; ce commandement pour les moments de doute, afin que jamais il ne soit tent&eacute; de revenir s&rsquo;urbaniser. Il s&rsquo;&eacute;tait en r&eacute;alit&eacute; tendu un pi&egrave;ge parfait.</p>\r\n<p>Il se maudit d&rsquo;avoir &eacute;t&eacute; si na&iuml;f.</p>\r\n<p>Le hameau s&rsquo;&eacute;tait transform&eacute; en village, et s&rsquo;il gardait un relatif isolement, qu&rsquo;importait d&rsquo;&ecirc;tre d&eacute;connect&eacute; du reste du monde lorsqu&rsquo;il ne pouvait l&rsquo;&ecirc;tre de ses voisins directs.</p>\r\n<hr />\r\n<p><strong>Commandement Huit&nbsp;:</strong> La Mort, non contente de d&eacute;livrer le Grand des Monts le jour venu, d&eacute;livrera &eacute;galement tous ses fid&egrave;les de leurs engagements envers lui et tous ces commandements deviendront alors caducs.</p>\r\n<hr />\r\n<p>Un jour, alors qu&rsquo;il se morfondait dans sa cabane, m&acirc;chonnant une rave sans saveur avec du gros sel, l&rsquo;on frappa &agrave; sa porte. Habitu&eacute; aux requ&ecirc;tes absurdes de ses encroy&eacute;s, il maugr&eacute;a&nbsp;:</p>\r\n<p>&mdash;&nbsp;Entrez.</p>\r\n<p>Il fut surpris de voir La Gn&ocirc;le p&eacute;n&eacute;trer dans son antre exigu. Il le fut d&rsquo;autant plus quand elle ouvrit la bouche et que, pour la premi&egrave;re fois, il entendit le son de sa voix. Elle poss&eacute;dait un timbre profond qui faisait vibrer son corps &agrave; l&rsquo;unisson des mots qu&rsquo;elle &eacute;grainait. Et cela s&rsquo;assortissait d&rsquo;une douceur exquise, une ode &agrave; l&rsquo;&eacute;coute.</p>\r\n<p>&mdash;&nbsp; Nous devons exploiter le huiti&egrave;me commandement de votre torchon humoristique.</p>\r\n<p>Elpaco tiqua devant l&rsquo;insulte &agrave; moiti&eacute; cach&eacute;e, mais ne se d&eacute;monta pas pour autant.</p>\r\n<p>&mdash;&nbsp;J&rsquo;ai d&eacute;j&agrave; pens&eacute; &agrave; cette possibilit&eacute; de nombreuses fois. Mais aussi p&eacute;nible que soit mon fardeau au milieu de ces zouaves, je doute que crever repr&eacute;sente un meilleur sort.</p>\r\n<p>&mdash;&nbsp;Il ne s&rsquo;agit pas de tuer qui que ce soit.</p>\r\n<p>&mdash;&nbsp;Ah. Vous voulez donc feindre ma mort par quelque artifice. J&rsquo;y ai pens&eacute; aussi, je dois l&rsquo;avouer. Et peut-&ecirc;tre les rouages de mon cerveau sont-ils rouill&eacute;s, mais je n&rsquo;ai trouv&eacute; aucun subterfuge pour poursuivre une existence d&eacute;cente apr&egrave;s un tel mensonge. Je ne suis h&eacute;las pas de ceux qui aiment &agrave; feindre la vie.</p>\r\n<p>&mdash;&nbsp;Vous faites fausse route, sauf pour ce qui est des rouages rouill&eacute;s de votre petite cervelle.</p>\r\n<p>&mdash;&nbsp;Je ne vous suis pas. Et si vous avez juste d&eacute;cid&eacute; d&rsquo;&ecirc;tre aussi d&eacute;sagr&eacute;able que ces ahuris, vous pouvez me laisser &agrave; mes tourments sans rajouter celui de la perte de votre amiti&eacute;&hellip;</p>\r\n<p>&mdash;&nbsp;Je ne ferais pas &ccedil;a si je ne vous appr&eacute;ciais pas, Le Paco. M&ecirc;me si je dois avouer que j&rsquo;appr&eacute;ciais encore plus notre ancienne situation et que je suis terriblement d&eacute;sol&eacute;e que nous en soyons arriv&eacute;s l&agrave;.</p>\r\n<p>Elpaco jeta un &oelig;il par la fen&ecirc;tre &agrave; travers laquelle il pouvait observer un groupe d&rsquo;ouvriers poser les bases d&rsquo;une nouvelle cath&eacute;drale en forme de bulbe en l&rsquo;honneur du Dahut. Il voulut verser quelques larmes, mais La Gn&ocirc;le ne lui en laissa pas le temps.</p>\r\n<p>&mdash;&nbsp;Vous aimez &agrave; nommer les choses comme si, pr&eacute;cis&eacute;ment, elles &eacute;taient ces choses. La Buse, La Gn&ocirc;le. Alors, &agrave; pr&eacute;sent, nommez La Mort, et laissez-la vous rendre votre tranquillit&eacute;.</p>\r\n<p>Elpaco se rem&eacute;mora le septi&egrave;me commandement et le pronon&ccedil;a &agrave; voix haute&nbsp;:</p>\r\n<p>&mdash;&nbsp;La Mort, non contente de d&eacute;livrer le Grand des Monts le jour venu, d&eacute;livrera &eacute;galement tous ses fid&egrave;les de leurs engagements envers lui et tous ces commandements deviendront alors caducs.</p>\r\n<p>Il sombra un instant dans ses pens&eacute;es puis se tourna vers La Gn&ocirc;le, une lueur d&rsquo;espoir dans les yeux&nbsp;:</p>\r\n<p>&mdash;&nbsp;Vous si&eacute;rait-il de changer de patronyme, comme vous avez semble-t-il perdu votre mutisme&nbsp;?</p>\r\n<p>&mdash;&nbsp;Bien entendu.</p>\r\n<p>&mdash;&nbsp;Alors, vous voici d&eacute;sormais La Mort.</p>\r\n<p>Celle-ci inclina la t&ecirc;te et fit son &oelig;uvre de d&eacute;livrance.</p>\r\n<p>Apr&egrave;s plusieurs jours d&rsquo;adieux, pendant lesquels la tranquillit&eacute; revint peu &agrave; peu dans le hameau, un conseiller de l&rsquo;OMR se pr&eacute;senta. Apparemment m&eacute;content, il prit acte du d&eacute;mant&egrave;lement du culte du Dahut et de la cr&eacute;ation d&rsquo;une h&eacute;r&eacute;sie.</p>\r\n<p>Elpaco d&eacute;clara l&rsquo;av&egrave;nement du Fant&ocirc;me du Dahut. Il &eacute;dicta les commandements de sa nouvelle religion, &eacute;crits par La Mort elle-m&ecirc;me. Des commandements qui devraient refroidir jusqu&rsquo;au plus aventureux.</p>\r\n<p>&nbsp;</p>	Elpaco pensait avoir trouvé la solution parfaite à ses envies de solitude : un alpage isolé, une hérésie construite de toute pièce afin de n’être jamais taxé de nihiliste, et une petite vie montagnarde tranquille. Pouvait-il imaginer que l’OMR irait contrarier ses plans jusque dans son perchoir ?	2022-07-03 12:46:18+00
\.


--
-- Data for Name: novellas_novella_characters; Type: TABLE DATA; Schema: public; Owner: nouvelles
--

COPY public.novellas_novella_characters (id, novella_id, character_id) FROM stdin;
1	1	1
2	2	2
3	3	3
\.


--
-- Data for Name: novellas_tag; Type: TABLE DATA; Schema: public; Owner: nouvelles
--

COPY public.novellas_tag (id, name) FROM stdin;
1	Drame
2	Parabole
\.


--
-- Data for Name: novellas_novella_tags; Type: TABLE DATA; Schema: public; Owner: nouvelles
--

COPY public.novellas_novella_tags (id, novella_id, tag_id) FROM stdin;
1	1	1
2	2	1
3	3	2
\.


--
-- Name: auth_group_id_seq; Type: SEQUENCE SET; Schema: public; Owner: nouvelles
--

SELECT pg_catalog.setval('public.auth_group_id_seq', 1, false);


--
-- Name: auth_group_permissions_id_seq; Type: SEQUENCE SET; Schema: public; Owner: nouvelles
--

SELECT pg_catalog.setval('public.auth_group_permissions_id_seq', 1, false);


--
-- Name: auth_permission_id_seq; Type: SEQUENCE SET; Schema: public; Owner: nouvelles
--

SELECT pg_catalog.setval('public.auth_permission_id_seq', 44, true);


--
-- Name: auth_user_groups_id_seq; Type: SEQUENCE SET; Schema: public; Owner: nouvelles
--

SELECT pg_catalog.setval('public.auth_user_groups_id_seq', 1, false);


--
-- Name: auth_user_id_seq; Type: SEQUENCE SET; Schema: public; Owner: nouvelles
--

SELECT pg_catalog.setval('public.auth_user_id_seq', 1, true);


--
-- Name: auth_user_user_permissions_id_seq; Type: SEQUENCE SET; Schema: public; Owner: nouvelles
--

SELECT pg_catalog.setval('public.auth_user_user_permissions_id_seq', 1, false);


--
-- Name: characters_character_id_seq; Type: SEQUENCE SET; Schema: public; Owner: nouvelles
--

SELECT pg_catalog.setval('public.characters_character_id_seq', 3, true);


--
-- Name: django_admin_log_id_seq; Type: SEQUENCE SET; Schema: public; Owner: nouvelles
--

SELECT pg_catalog.setval('public.django_admin_log_id_seq', 18, true);


--
-- Name: django_content_type_id_seq; Type: SEQUENCE SET; Schema: public; Owner: nouvelles
--

SELECT pg_catalog.setval('public.django_content_type_id_seq', 11, true);


--
-- Name: django_migrations_id_seq; Type: SEQUENCE SET; Schema: public; Owner: nouvelles
--

SELECT pg_catalog.setval('public.django_migrations_id_seq', 27, true);


--
-- Name: django_site_id_seq; Type: SEQUENCE SET; Schema: public; Owner: nouvelles
--

SELECT pg_catalog.setval('public.django_site_id_seq', 1, true);


--
-- Name: lexiconItems_lexiconitem_id_seq; Type: SEQUENCE SET; Schema: public; Owner: nouvelles
--

SELECT pg_catalog.setval('public."lexiconItems_lexiconitem_id_seq"', 9, true);


--
-- Name: novellas_novella_characters_id_seq; Type: SEQUENCE SET; Schema: public; Owner: nouvelles
--

SELECT pg_catalog.setval('public.novellas_novella_characters_id_seq', 3, true);


--
-- Name: novellas_novella_id_seq; Type: SEQUENCE SET; Schema: public; Owner: nouvelles
--

SELECT pg_catalog.setval('public.novellas_novella_id_seq', 3, true);


--
-- Name: novellas_novella_tags_id_seq; Type: SEQUENCE SET; Schema: public; Owner: nouvelles
--

SELECT pg_catalog.setval('public.novellas_novella_tags_id_seq', 3, true);


--
-- Name: novellas_tag_id_seq; Type: SEQUENCE SET; Schema: public; Owner: nouvelles
--

SELECT pg_catalog.setval('public.novellas_tag_id_seq', 2, true);


--
-- PostgreSQL database dump complete
--

